/* 샘플데이터 */
SET DEFINE OFF;
/* 부서 */
INSERT INTO TBL_DEPT(DEPT_CODE,DEPT_NAME,DEPT_USE_YN)
    VALUES('D1','영업관리부','Y');
INSERT INTO TBL_DEPT(DEPT_CODE,DEPT_NAME,DEPT_USE_YN)
    VALUES('D2','관리부','Y');
INSERT INTO TBL_DEPT(DEPT_CODE,DEPT_NAME,DEPT_USE_YN)
    VALUES('D3','인사팀','Y');
INSERT INTO TBL_DEPT(DEPT_CODE,DEPT_NAME,DEPT_USE_YN)
    VALUES('D4','물류팀','Y');
INSERT INTO TBL_DEPT(DEPT_CODE,DEPT_NAME,DEPT_USE_YN)
    VALUES('D5','영업팀','Y');

/* 직급 */
INSERT INTO TBL_JOB_GRADE(JOB_CODE,JOB_NAME)
    VALUES('J1','사원');
INSERT INTO TBL_JOB_GRADE(JOB_CODE,JOB_NAME)
    VALUES('J2','주임');
INSERT INTO TBL_JOB_GRADE(JOB_CODE,JOB_NAME)
    VALUES('J3','대리');
INSERT INTO TBL_JOB_GRADE(JOB_CODE,JOB_NAME)
    VALUES('J4','과장');
INSERT INTO TBL_JOB_GRADE(JOB_CODE,JOB_NAME)
    VALUES('J5','차장');
INSERT INTO TBL_JOB_GRADE(JOB_CODE,JOB_NAME)
    VALUES('J6','부장');
INSERT INTO TBL_JOB_GRADE(JOB_CODE,JOB_NAME)
    VALUES('J7','이사');
INSERT INTO TBL_JOB_GRADE(JOB_CODE,JOB_NAME)
    VALUES('J8','대표');

/* 사원 */
INSERT INTO C##ASAP.TBL_EMPLOYEE (EMP_CODE, EMP_NAME, EMP_BIRTH, DEPT_CODE, EMP_PHONE, EMP_EMAIL, EMP_ADDRESS, EMP_JOINDATE, EMP_LEAVEDATE, EMP_LEAVE_YN, JOB_CODE, ANNUAL_LEFT_DAY, SIGN_IMG, PROFILE_NAME, PROFILE_RENAME, PROFILE_PATH, EMP_GENDER, EMP_PWD, SALARY_BASE)
  VALUES (200305171, '이지운', '1970-11-08', 'D1', '01067220783', 'dboydell0@accuweather.com', '경기도 남양주시', TO_DATE('2003-05-17', 'YYYY-MM-DD HH24:MI:SS'), TO_DATE('2022-07-04', 'YYYY-MM-DD HH24:MI:SS'), 'N', 'J1', 15, null, '이지운.PNG', '6410f5073991440db998eefddcc01f31.PNG', '/profile', 'F', '$2a$10$RVQxLVyzmRJjk1gZcH.M1udH61IMN9O.Ts2.IPYSm364odCGg18RK', 2200000);
INSERT INTO C##ASAP.TBL_EMPLOYEE (EMP_CODE, EMP_NAME, EMP_BIRTH, DEPT_CODE, EMP_PHONE, EMP_EMAIL, EMP_ADDRESS, EMP_JOINDATE, EMP_LEAVEDATE, EMP_LEAVE_YN, JOB_CODE, ANNUAL_LEFT_DAY, SIGN_IMG, PROFILE_NAME, PROFILE_RENAME, PROFILE_PATH, EMP_GENDER, EMP_PWD, SALARY_BASE)
  VALUES (201409212, '노웅철', '1964-06-30', 'D1', '01010855798', 'crubee1@sitemeter.com', '경기도 구리시', TO_DATE('2014-09-21', 'YYYY-MM-DD HH24:MI:SS'), TO_DATE('2022-07-04', 'YYYY-MM-DD HH24:MI:SS'), 'N', 'J2', 15, null, '노웅철.PNG', '62bf79fd55124e03aca2a558651a03dd.PNG', '/profile', 'M', '$2a$10$RVQxLVyzmRJjk1gZcH.M1udH61IMN9O.Ts2.IPYSm364odCGg18RK', 2800000);
INSERT INTO C##ASAP.TBL_EMPLOYEE (EMP_CODE, EMP_NAME, EMP_BIRTH, DEPT_CODE, EMP_PHONE, EMP_EMAIL, EMP_ADDRESS, EMP_JOINDATE, EMP_LEAVEDATE, EMP_LEAVE_YN, JOB_CODE, ANNUAL_LEFT_DAY, SIGN_IMG, PROFILE_NAME, PROFILE_RENAME, PROFILE_PATH, EMP_GENDER, EMP_PWD, SALARY_BASE)
  VALUES (201611183, '전혁돈', '1986-09-20', 'D1', '01012497543', 'moldred2@elegantthemes.com', '경기도 하남시', TO_DATE('2016-11-18', 'YYYY-MM-DD HH24:MI:SS'), TO_DATE('2022-07-04', 'YYYY-MM-DD HH24:MI:SS'), 'N', 'J3', 15, null, '전혁돈.PNG', '8ddec08312ec4f9faeec3f11cc5626cb.PNG', '/profile', 'F', '$2a$10$RVQxLVyzmRJjk1gZcH.M1udH61IMN9O.Ts2.IPYSm364odCGg18RK', 3000000);
INSERT INTO C##ASAP.TBL_EMPLOYEE (EMP_CODE, EMP_NAME, EMP_BIRTH, DEPT_CODE, EMP_PHONE, EMP_EMAIL, EMP_ADDRESS, EMP_JOINDATE, EMP_LEAVEDATE, EMP_LEAVE_YN, JOB_CODE, ANNUAL_LEFT_DAY, SIGN_IMG, PROFILE_NAME, PROFILE_RENAME, PROFILE_PATH, EMP_GENDER, EMP_PWD, SALARY_BASE)
  VALUES (201409034, '전준항', '1960-10-20', 'D1', '01046805196', 'tmateescu3@parallels.com', '경기도 양평군', TO_DATE('2014-09-03', 'YYYY-MM-DD HH24:MI:SS'), null, 'N', 'J4', 15, 'data:image/png;base64,iVBORw0KGgoAAAANSUhEUgAAAGQAAABkCAMAAABHPGVmAAAABGdBTUEAALGPC/xhBQAAACBjSFJNAAB6JgAAgIQAAPoAAACA6AAAdTAAAOpgAAA6mAAAF3CculE8AAACtVBMVEUAAAD/AAD/AAD/AAD/AAD/AAD/AAD/AAD/AAD/AAD/AAD/AAD/AAD/AAD/AAD/AAD/AAD/AAD/AAD/AAD/AAD/AAD/AAD/AAD/AAD/AAD/AAD/AAD/AAD/AAD/AAD/AAD/AAD/AAD/AAD/AAD/AAD/AAD/AAD/AAD/AAD/AAD/AAD/AAD/AAD/AAD/AAD/AAD/AAD/AAD/AAD/AAD/AAD/AAD/AAD/AAD/AAD/AAD/AAD/AAD/AAD/AAD/AAD/AAD/AAD/AAD/AAD/AAD/AAD/AAD/AAD/AAD/AAD/AAD/AAD/AAD/AAD/AAD/AAD/AAD/AAD/AAD/AAD/AAD/AAD/AAD/AAD/AAD/AAD/AAD/AAD/AAD/AAD/AAD/AAD/AAD/AAD/AAD/AAD/AAD/AAD/AAD/AAD/AAD/AAD/AAD/AAD/AAD/AAD/AAD/AAD/AAD/AAD/AAD/AAD/AAD/AAD/AAD/AAD/AAD/AAD/AAD/AAD/AAD/AAD/AAD/AAD/AAD/AAD/AAD/AAD/AAD/AAD/AAD/AAD/AAD/AAD/AAD/AAD/AAD/AAD/AAD/AAD/AAD/AAD/AAD/AAD/AAD/AAD/AAD/AAD/AAD/AAD/AAD/AAD/AAD/AAD/AAD/AAD/AAD/AAD/AAD/AAD/AAD/AAD/AAD/AAD/AAD/AAD/AAD/AAD/AAD/AAD/AAD/AAD/AAD/AAD/AAD/AAD/AAD/AAD/AAD/AAD/AAD/AAD/AAD/AAD/AAD/AAD/AAD/AAD/AAD/AAD/AAD/AAD/AAD/AAD/AAD/AAD/AAD/AAD/AAD/AAD/AAD/AAD/AAD/AAD/AAD/AAD/AAD/AAD/AAD/AAD/AAD/AAD/AAD/AAD/AAD/AAD/AAD/AAD/AAD/AAD/AAD/AAD/AAD/AAD/AAD/AAD/AAD////Lv3iNAAAA5XRSTlMAAAQXNFJqfIQYBQYsqdfy/tiqbC0OUen74r2ZfWti6lAIT7v4/NWPTSEJASmh9fq/YBoZXr6iKlbPXw/ZVwp78ZIe9AsNjuNDQT4HDJMbZWYrOTHAx8bFym8R0ic78/1z2uHlfmeIzeCYbWT2HEh3H3TQRpbd596tW5GgXH/OTsv5zC4gt7oyne3uYxTESTNMEDaGONGa7BJKXURHRT/wlwKksgNhioeJi7h6QB3vkMLoyULIE3ByaObBVRYoJSa1FS8wpSPrgtx21NZpgbGvjMPf97mo2zymm7azVDqfIpSV5I03RtEwgwAAAAFiS0dE5sFsWgUAAAAJcEhZcwAACxMAAAsTAQCanBgAAAAHdElNRQfmBxkAKTdvA6zeAAAGGklEQVRo3u2Y+VdTRxTHuQlGQkhCgJAEJRDhIRDJI7gAUUhAAlKEFiFaUYwLVWxTRGzVihVBCsUtjdbYCi7UiFpApC5URa3SRWurtXXpvkDn/+i8lxBCiz0nL/nBH973nCTvzHlzP5m5c2fu3IAAVqxYsWLFihUrVs+XADjcwEm8yUFBk3mTAvnBAP4nCEJ4QpE4FNEKFUvCwiMEfuUASCPDZEiuiJoyNVqpjJ46JUohRzFhsVL/YUA1LS6eSJiemJSspo2COjkpcXoCER8Xq/IPBWBGioZM1aapx9kD9cxZs0nNnHR/DAY4GRKUqZv7X1sAc3WZaF4Wx2cKZOsNmpzcif8uQG7OfIM+z0cKGPPJAp3gmVZAoCsg840+USA7nxAtcA8Dh0rweM/gpkIRkZ/tAwU4ernohWSjU0UAC4vnlEAAcLUvuvVS6SKRXM/cLwBZ4oLCsnKTafESk+nlpQAVy2TLMaRyBY5HM0Jm/EErYUGBOIvxGoN0iUYHi1YpVovJAsWaKjeEq1O+snadGVWvf1X5WgSA1iJJZwgBVQrKEYAq9/UaiWVDbW7axuLAOhoC0k1vvCnfvIWM2foWDh8QbEP1zKISINaSWUuZDFliJmXboVSG3t6BIQANOxvJJv2uZuU7YvOWDXirrM20xDKaMJC2EDpsEVqbQt9d2rZ7z976ffvraIh1ccp7NmwUig4cbKLf0REtUkaQSHI2tgTvHzLbK9Taw4Zwo/EDyifq1g+PJLZ31GB1HK3Z3nAsGcCWSsYygIBAGEr/SeXxE5jVeSTmozyn44NPIsKMRZLUN4Gqa/FbWiQUeE+BCFlCGu4GRZU26sdROdO1uhynuk6f6eo6+7FpWxfW2e4KPHElCbIIBpBoNB1o69aeha7uUJR1Co9KndaMz6veQ+c63GYB+hDPawhwhEQi1QuM5/tDxm/y2Vvn7QIo+aT/wlg7NBBCr8Me+KLVSTREevHc+ImAvPMrrNgNtekOD0iSQsT1GhIojkp2QeKLu/UuTV56CTCEzL88MHAZfwYGVn66l34tO0ps9RoyCdnBCTEhD13BcZJ31bMlhp5MADuK9BICwENTnZDg/bpZbumu4dyB0+HZkmFzQqqw572jAOi96wN4Neq9hgQhpVddQImCnk+IHkWP9gHpHi11wEKnzdb5r9NXLa1wAOPpcjt+8PqNC1eqK29eHwT+Zydv0W2d3NtDfIoHeZ+nfsHU8R5L+GCb7LCZ+FLW9hXkVt+htzPp3a8N4nt6as+SNrUxXsIewRheHhdlMkXFlX8DvRhy6RZ0fkvI7j+4EvodB8YgjIKRL1I4t5XgojJ73Y71t4uCMWTVhYdLbtZ+39/hcBwr2DzDA8JoWxndIDHuoVkkMacO4o23WnLK8kO71fJIBRD8QL7AA9JAPPY+L8Krpc/plBr5g0HuSbKdgjyZsXLjwuWb74QA3EjYXeaGMNvq3YdWAPRYUlut5+c/Bdon2NkCO6o7GNSEfkweg+BDK4QBRCBEWvrUMqbIjx9vnJIN7tVV8tNuhM6lNMMohOnxGwCxVCJBPVQc2XbijC7yQDb/51+ccSIY+vVaq4rKV6QX+0vxjy21kUkiMZoS0Y+99n7CvOJ+q5SKeHDs+s19IHOebjJSeQTxiFlK5EruqKP999Cou5fDGvfRixTyWvrLxp+VzZmWacyyYVDVU2kqfljeX5cGoAoj9jsh1PE7zn05TNNUKuEWWSjfwx+KVTit5j+Kb3dCrhLC4j9d+uv0TJxwi5gm3HjCMgzDODzAsZZ4Um9fZ9461zVdZCM5Kvma9MJhH64O2MXdckklptg2LDOI74z0OqPTMVTYM6a/j4pIHy5B1LY3QkiosahvDbWWOCawBNDj43WOisQRclhb9D8XU+0wOeLbxZQaS7dBU1z77Cu2xtDt2zhoQ1SxoE5rm7hYUIckGb4XC+iyR72GLJ+g7KFLJTUpfil7BNAFnJZ44l5fg2cBp6EvgYhvmeanAg49GGmskC5F2auoUlSV3f+lKBojKOU9vjdWVBMJw0P8W1RzcThcayRPHxSk50VauRz/E1ixYsWKFStWrFj5qH8AGSXd4/0CYdgAAAAldEVYdGRhdGU6Y3JlYXRlADIwMjItMDctMjVUMDA6NDE6NTUrMDA6MDCDVFCXAAAAJXRFWHRkYXRlOm1vZGlmeQAyMDIyLTA3LTI1VDAwOjQxOjU1KzAwOjAw8gnoKwAAAABJRU5ErkJggg==', '전준항.PNG', 'a6818225c0d845cbbdca4b6abe92e984.PNG', '/profile', 'F', '$2a$10$RVQxLVyzmRJjk1gZcH.M1udH61IMN9O.Ts2.IPYSm364odCGg18RK', 3500000);
INSERT INTO C##ASAP.TBL_EMPLOYEE (EMP_CODE, EMP_NAME, EMP_BIRTH, DEPT_CODE, EMP_PHONE, EMP_EMAIL, EMP_ADDRESS, EMP_JOINDATE, EMP_LEAVEDATE, EMP_LEAVE_YN, JOB_CODE, ANNUAL_LEFT_DAY, SIGN_IMG, PROFILE_NAME, PROFILE_RENAME, PROFILE_PATH, EMP_GENDER, EMP_PWD, SALARY_BASE)
  VALUES (200608145, '하돈우', '1967-05-06', 'D1', '01099854919', 'mmaryon4@constantcontact.com', '경기도 가평군', TO_DATE('2006-08-14', 'YYYY-MM-DD HH24:MI:SS'), TO_DATE('2022-07-04', 'YYYY-MM-DD HH24:MI:SS'), 'N', 'J5', 15, 'data:image/png;base64,iVBORw0KGgoAAAANSUhEUgAAAGQAAABkCAMAAABHPGVmAAAABGdBTUEAALGPC/xhBQAAACBjSFJNAAB6JgAAgIQAAPoAAACA6AAAdTAAAOpgAAA6mAAAF3CculE8AAACkVBMVEUAAAD/AAD/AAD/AAD/AAD/AAD/AAD/AAD/AAD/AAD/AAD/AAD/AAD/AAD/AAD/AAD/AAD/AAD/AAD/AAD/AAD/AAD/AAD/AAD/AAD/AAD/AAD/AAD/AAD/AAD/AAD/AAD/AAD/AAD/AAD/AAD/AAD/AAD/AAD/AAD/AAD/AAD/AAD/AAD/AAD/AAD/AAD/AAD/AAD/AAD/AAD/AAD/AAD/AAD/AAD/AAD/AAD/AAD/AAD/AAD/AAD/AAD/AAD/AAD/AAD/AAD/AAD/AAD/AAD/AAD/AAD/AAD/AAD/AAD/AAD/AAD/AAD/AAD/AAD/AAD/AAD/AAD/AAD/AAD/AAD/AAD/AAD/AAD/AAD/AAD/AAD/AAD/AAD/AAD/AAD/AAD/AAD/AAD/AAD/AAD/AAD/AAD/AAD/AAD/AAD/AAD/AAD/AAD/AAD/AAD/AAD/AAD/AAD/AAD/AAD/AAD/AAD/AAD/AAD/AAD/AAD/AAD/AAD/AAD/AAD/AAD/AAD/AAD/AAD/AAD/AAD/AAD/AAD/AAD/AAD/AAD/AAD/AAD/AAD/AAD/AAD/AAD/AAD/AAD/AAD/AAD/AAD/AAD/AAD/AAD/AAD/AAD/AAD/AAD/AAD/AAD/AAD/AAD/AAD/AAD/AAD/AAD/AAD/AAD/AAD/AAD/AAD/AAD/AAD/AAD/AAD/AAD/AAD/AAD/AAD/AAD/AAD/AAD/AAD/AAD/AAD/AAD/AAD/AAD/AAD/AAD/AAD/AAD/AAD/AAD/AAD/AAD/AAD/AAD/AAD/AAD/AAD/AAD/AAD/AAD/AAD/AAD/AAD/AAD/AAD/AAD/AAD/AAD/AAD/AAD/AAD/AAD/AAD/AAD/AAD/AAD/AAD/AAD///+1Joy7AAAA2XRSTlMAAAQXNFJqfIQYBQYsqdfy/tiqbC0OUen74r2ZfWti6lAIT7v4/NWPTSEJASmh9fq/YBoZXr6iKlbPXw/ZVwp78ZIe9AsNjuNDQTtZDFhmZTM5INod4Nwfh42Kmu6WTujwf2k49hTU71NUkaAuZ9O6ozfbgxNkenl45feXd0AQRMvhQmNJ3fm1cXQ8trclmJ3zqNYWHK8bK+cVSz02kLyGJ57CR0ZwcnNowX4CAxEkxsovMKUjKMn930V2zO2VlIGx5ozIPzW5Sgcx0KZdm1UyOouJiLDFk+TAjJEgigAAAAFiS0dE2u4DJoIAAAAJcEhZcwAACxMAAAsTAQCanBgAAAAHdElNRQfmBxkAKTj/vLFPAAAFp0lEQVRo3u2Y/V9TdRTHOZubw7En4I4NBTfZnWyTXeZDwAgGOMAHUlKRh8EoHQqhLkohHwA1waIowQR6QC0sk40szdR8qjRDyx6spO9/0/fe7Y6p6Ou1u/3gD/fzy92LF9/zvud7vt9zzzlxcbx48eLFixcvXryeLQEIhLNE4tkSyWyxaFb8HIDYE6QJYplcoUSMlApVYlKyNKYcAEKdmII02tS589LS09PmzU3VatD8RB0ROwzoF2QYSOPCTJPZwhgFi9mUudBIGjJ0+thQABZlWals22LLQ/bAsmTpMsr6XE4snAFBrgrl2fMftwWQb89DzxcIoqZAoaPIWlwy8+sClBQvL3I4o6RAaRlVbpc+0QpI7eVUWWlUFCgsI+UrnrbrACvlZFlhFBQQODTyVQClq3PN2AxUvFCAzUHF6jVrQ1pT+aJc4+AeF4ACRTn2A9Zp1wtpyIaqjYsxpLoKhakGVpQrCjifMchRWe2gq61zKeob6mrdLKQ0qfGllzeJA0raDGDzqHI4QkCfhYqlUIyzCKXBr1wWhMRB05atSermgFoScMp5BbVyu5UAOk9eNcA2dWbL9u0tmerkAASraQeTwJTKwHbhDczz6DhtGBBe0o5XAmx+1WjMasPGN1S9lvy6ZCeYd7V3vCHZvWfvvo4ORyf9L3bSS3CCqKllXbSBbq1h/37DgYM0RPXmHsOhQP4y9fS6WbvQlU3pOEBAKlMyjhQept4iiLc1h80Ysr7vnXf7N7new3pfe2RgL37OrdmJnbQhmTRyCiSnGJkoV2sHjwLEq6o+YGJSUTrnGGnoxbIuZx6anmr8KkPGlGQOkDS0kI4lCI27h3H4R7Z8GAy8ZfjQR50fT+sTPb2po0gcMQQEMjKTXgWWGnS8oGAZOmFh74m+4fjJRw2Cm5RFfO0hXn7AFIiwsHWPUun59CiwEOdnRyofg5i0cmHEkFmKVHNgETjH2jtO4Xw+DaHKPv8iqNNfNjEOF6YqKiOGiJDr0esVgpwJz13zExgIuJA6QgiAGM17DOIUqbF3IBizLw3JntsVgIzjyEdGAXBEtgbwaXREDJGg9IiWQDqSPJsQB0oLWwO+CsI/gw2wEBN+4Lxd4YEH+Kru7NeuNrbyAp/wm3PxPjofOM9nf8s18A8fYbjw3cVLKqrqcuAvQHy/pUgx6JjAJ424cpXzEQ6/jPjFr6HrJUdPG7LzGXu+G2TKD8d+VP4kgGkIp8sYL9eaWMhEXuNJXC/evDrM2DNdahzz+2+VjywKg3BKK2yCZLbnbP3PAEt2jPQz9to8t/UAc45pVoRB3ORA5HURPi2jwaAAdKCMX261ovOTjL0LIxtx9dBvrL8TgnBL9aGPFvO7qbVXY7iYeoGhgtSF7p6QXEG/mqch+KOVwAEilSEbe77AmVk3+ttO1rOhe/UIbc1aByyE6+c3DnR0IQG+vmaRSKR263RuHf7RPEanSOm5lt//0NMVAHGzEZ8GXEj0cikk2JJo0htsE4PtYs8Q+Lf9WcG6KOg7VUrXEeRtbiVRoLgT7PrrPtbfDffox/26ffng9DbeebjrWpfnWcCtGgZ9K12mBsPwz7+VoQA98vkFaTHXMpUuuOWeYOyh7whay8bdeYaUPbge1LWaJbjglnMtuPGG5RZNdQeOLXGjoSTkiZfqpVhpduesnIqidYgDf7tGtSpA8flC6dJ/bmXntNouy6komiA67dWSqu6nt3OdUbZzdGNaS03ZJp/SmNqmqNroGlPal/Yi64PqJ7fY1qL26PxgDNHDgru2rpmHBXeRKjf6YQEz9mi1Uv/NMPawZ1PWrJiMPeKYAY7XQA6OusMHOO5RI2nwLojRAIdxhtDJmFGUa5weRY27Yj+KYjDSYfHA4PRQTS5LSojtUC3IEQgr1WKHROIQqyuFgtgTePHixYsXL168eEWp/wF3TrFP6jWykQAAACV0RVh0ZGF0ZTpjcmVhdGUAMjAyMi0wNy0yNVQwMDo0MTo1NSswMDowMINUUJcAAAAldEVYdGRhdGU6bW9kaWZ5ADIwMjItMDctMjVUMDA6NDE6NTUrMDA6MDDyCegrAAAAAElFTkSuQmCC', '하돈우.PNG', '9c3179ee5ee443b2b9ad03b9d04faea1.PNG', '/profile', 'M', '$2a$10$RVQxLVyzmRJjk1gZcH.M1udH61IMN9O.Ts2.IPYSm364odCGg18RK', 5000000);
INSERT INTO C##ASAP.TBL_EMPLOYEE (EMP_CODE, EMP_NAME, EMP_BIRTH, DEPT_CODE, EMP_PHONE, EMP_EMAIL, EMP_ADDRESS, EMP_JOINDATE, EMP_LEAVEDATE, EMP_LEAVE_YN, JOB_CODE, ANNUAL_LEFT_DAY, SIGN_IMG, PROFILE_NAME, PROFILE_RENAME, PROFILE_PATH, EMP_GENDER, EMP_PWD, SALARY_BASE)
  VALUES (202206036, '방명숙', '1991-05-10', 'D2', '01069444002', 'cscrowson5@google.co.jp', '경기도 의정부시', TO_DATE('2022-06-03', 'YYYY-MM-DD HH24:MI:SS'), null, 'N', 'J1', 15, null, '방명숙.PNG', '2dffaa008f6c4a63b1abf5de093ef9d0.PNG', '/profile', 'M', '$2a$10$RVQxLVyzmRJjk1gZcH.M1udH61IMN9O.Ts2.IPYSm364odCGg18RK', 2200000);
INSERT INTO C##ASAP.TBL_EMPLOYEE (EMP_CODE, EMP_NAME, EMP_BIRTH, DEPT_CODE, EMP_PHONE, EMP_EMAIL, EMP_ADDRESS, EMP_JOINDATE, EMP_LEAVEDATE, EMP_LEAVE_YN, JOB_CODE, ANNUAL_LEFT_DAY, SIGN_IMG, PROFILE_NAME, PROFILE_RENAME, PROFILE_PATH, EMP_GENDER, EMP_PWD, SALARY_BASE)
  VALUES (201710087, '유재숙', '1999-05-11', 'D2', '01008217313', 'tjeannot6@usgs.gov', '경기도 양주시', TO_DATE('2017-10-08', 'YYYY-MM-DD HH24:MI:SS'), TO_DATE('2022-07-04', 'YYYY-MM-DD HH24:MI:SS'), 'N', 'J2', 15, null, '유재숙.PNG', 'e12efb59e33947f9b1a17ff0361b16f5.PNG', '/profile', 'M', '$2a$10$RVQxLVyzmRJjk1gZcH.M1udH61IMN9O.Ts2.IPYSm364odCGg18RK', 2800000);
INSERT INTO C##ASAP.TBL_EMPLOYEE (EMP_CODE, EMP_NAME, EMP_BIRTH, DEPT_CODE, EMP_PHONE, EMP_EMAIL, EMP_ADDRESS, EMP_JOINDATE, EMP_LEAVEDATE, EMP_LEAVE_YN, JOB_CODE, ANNUAL_LEFT_DAY, SIGN_IMG, PROFILE_NAME, PROFILE_RENAME, PROFILE_PATH, EMP_GENDER, EMP_PWD, SALARY_BASE)
  VALUES (200404018, '봉동민', '1983-03-29', 'D2', '01050991197', 'podgaard7@comcast.net', '경기도 평택시', TO_DATE('2004-04-01', 'YYYY-MM-DD HH24:MI:SS'), TO_DATE('2022-07-04', 'YYYY-MM-DD HH24:MI:SS'), 'N', 'J3', 15, null, '봉동민.PNG', '209e672b9b314b0790e4516527c7c0b3.PNG', '/profile', 'F', '$2a$10$RVQxLVyzmRJjk1gZcH.M1udH61IMN9O.Ts2.IPYSm364odCGg18RK', 3000000);
INSERT INTO C##ASAP.TBL_EMPLOYEE (EMP_CODE, EMP_NAME, EMP_BIRTH, DEPT_CODE, EMP_PHONE, EMP_EMAIL, EMP_ADDRESS, EMP_JOINDATE, EMP_LEAVEDATE, EMP_LEAVE_YN, JOB_CODE, ANNUAL_LEFT_DAY, SIGN_IMG, PROFILE_NAME, PROFILE_RENAME, PROFILE_PATH, EMP_GENDER, EMP_PWD, SALARY_BASE)
  VALUES (201408129, '정상수', '1986-06-13', 'D2', '01080254668', 'jcanby8@ucsd.edu', '경기도 시흥시', TO_DATE('2014-08-12', 'YYYY-MM-DD HH24:MI:SS'), null, 'N', 'J4', 15, 'data:image/png;base64,iVBORw0KGgoAAAANSUhEUgAAAGQAAABkCAMAAABHPGVmAAAABGdBTUEAALGPC/xhBQAAACBjSFJNAAB6JgAAgIQAAPoAAACA6AAAdTAAAOpgAAA6mAAAF3CculE8AAACmlBMVEUAAAD/AAD/AAD/AAD/AAD/AAD/AAD/AAD/AAD/AAD/AAD/AAD/AAD/AAD/AAD/AAD/AAD/AAD/AAD/AAD/AAD/AAD/AAD/AAD/AAD/AAD/AAD/AAD/AAD/AAD/AAD/AAD/AAD/AAD/AAD/AAD/AAD/AAD/AAD/AAD/AAD/AAD/AAD/AAD/AAD/AAD/AAD/AAD/AAD/AAD/AAD/AAD/AAD/AAD/AAD/AAD/AAD/AAD/AAD/AAD/AAD/AAD/AAD/AAD/AAD/AAD/AAD/AAD/AAD/AAD/AAD/AAD/AAD/AAD/AAD/AAD/AAD/AAD/AAD/AAD/AAD/AAD/AAD/AAD/AAD/AAD/AAD/AAD/AAD/AAD/AAD/AAD/AAD/AAD/AAD/AAD/AAD/AAD/AAD/AAD/AAD/AAD/AAD/AAD/AAD/AAD/AAD/AAD/AAD/AAD/AAD/AAD/AAD/AAD/AAD/AAD/AAD/AAD/AAD/AAD/AAD/AAD/AAD/AAD/AAD/AAD/AAD/AAD/AAD/AAD/AAD/AAD/AAD/AAD/AAD/AAD/AAD/AAD/AAD/AAD/AAD/AAD/AAD/AAD/AAD/AAD/AAD/AAD/AAD/AAD/AAD/AAD/AAD/AAD/AAD/AAD/AAD/AAD/AAD/AAD/AAD/AAD/AAD/AAD/AAD/AAD/AAD/AAD/AAD/AAD/AAD/AAD/AAD/AAD/AAD/AAD/AAD/AAD/AAD/AAD/AAD/AAD/AAD/AAD/AAD/AAD/AAD/AAD/AAD/AAD/AAD/AAD/AAD/AAD/AAD/AAD/AAD/AAD/AAD/AAD/AAD/AAD/AAD/AAD/AAD/AAD/AAD/AAD/AAD/AAD/AAD/AAD/AAD/AAD/AAD/AAD/AAD/AAD/AAD/AAD/AAD///+Yj5EwAAAA3HRSTlMAAAQXNFJqfIQYBQYsqdfy/tiqbC0OUen74r2ZfWti6lAIT7v4/NWPTSEJASmh9fq/YBoZXr6iKlbPXw/ZVwp78ZIe9AsNjuNBA0NCEQyTGx0SmJ0UOUA42+Hg5n/SJxauHzLByMft0MbLb5yx2vZnE4eoPYz9pd8/ty6gdPDrHCuAzvneL5phupG46DqQeYEQpK2w1iJ4MXYoVUU8S4vRI2TEyu5IIEym98VOgmlzjWUl5zOrlIjNl21+NzUCMNNG1Myv5O/zR7mbydynhlQH3YmWinfClUTlejvAR43ymwAAAAFiS0dE3XBnsyEAAAAJcEhZcwAACxMAAAsTAQCanBgAAAAHdElNRQfmBxkAKTj/vLFPAAAF90lEQVRo3u2Y6VsTVxSHOUFCFrIpCQFZEmAISSBDiIqEJQECIYgCVVFwq0ulrZK6a0VbLBqjQEUFcaGKdamKlRarbaVYq7h2sdrF2t4/pncmK0/Vp5nkgx/m92UmNzPnnbucc889UVGsWLFixYoVK1asXi8BcKInxXBjebxYbswkvgAg8gRhHFcklkgRLalENnlKvDCiHAC5YnICUiYmTU1OSU1NSZ6alKhEaZNV8shhQJ2ekUlkabK1Oj1tFPQ6bbYmi8jMUKkjQwHIyTWQecZ8/QR7oDdNm04aZhREojPAmSlDheai/9oCKDIXouISTtgUKLVYDWXlL/5cgPKyCqvFFiYFKqtIu1n4UisgnGYnqyrDokBpFSGu9ncDu4pgwsyAnuOoERNVpWFQgGNRimfll3tUCzB7zow6oGmmegoNDW/MnTdfrLQwnxeAEom9ccFCu72p2W5ftBigdknCUhqy7M2M5RTEtLCpHGrskhLGawwKZAYzrFi56q3VZMvb77yr53ghULRGitaaAHeotam8Um52ygoYQkCdi8qE4LDJ30sj1tTr1q3fsLGFgoBu02ZxC9qyjoJs3fZ+3nYNamPmlQAqZ+FyyuSOnR+0EqIP2xPQro8wBASWjt0b97QgVxGG7N5bQWbXFTpVjAYM5G7CjEdk3r6OZkXOfrSyWrO2keqJY0pFZzpAl2xzdym/tTn+4wPzwEy45YwgCnJ6D4akkEsaAfIPSg/1CBuoOak8LNmrx3/UNPX2ReM5wbfQk0eqGEBAKJJSHQH+kX48EtBwdIF3dcGx4wJq9uHEgGd1UfdGJBKGToH4hKx8erlSX63+RHPwZI2gKOnUoCcOw7LTa9qOLo3+9IzHceqyEuIZQFKQxjeXoF5vIM8qJbHqeq3AA+lzbzbslBafqz/P8XhnN+KGDAGOiMj2h5PPnEsUBSWt1kYfVa9BF+Zv33XxUoOvZYgQhez2wBc3aX0G4DL6HI/ZEXTF1yI/k9YOYJtu7fe1aBPF0SFDJkmSdH7IFTQsBJ0LfeFr0WUYsgG+zBpZ6mspTZJcDRkSg1yB6JtT7Pzq8uGOU31+rPFi4rXrX6NvBP4WF1KECAHgouSgEF+dV0FI9s8PtKi/Le5QjuzjBx65gWc+NAqAJfgd7G2j576rDDIC+vrqE8cEQU+kIEvIEB5KDekVSEW81xNiQSn/4x3Qy2sdwHi4giee+s0fDJqiseg9N/ljVNCybckb9EBCn/iJSxibaHd/f0vvd8WjP1glvZZaHDflt1fHeSChL+EJzogHZdYpqXTRXm/cGjtAJKy9s0i6iQMBCCNn5IsT/WGFM22cnLr47r3FdIIF2q2d9x2ObfaRnCAIo7ASCJAwO1ay84jNUbJVOddEbS2jzgdqvAnfUdYEQYaIDaHnRXi1dNOpFZgeKptLHDhAdj1CD+Lw9djIj3FU4Drb74cwC/X+TQsgWfqoy4MbPIR+0uHzkAu1/My7jS7oAhC8acUxgAhFyEgNDmgtfd51BrU7RqmmuodnEbqbex58EKbbbxSo6ERibCBGoYrxSqFQ3MdrDoQ3fzm+Qk3x5Ks62/GlJ6+DSSLhS4keu73HRO9x8dc6cGzvmu1feAO3cNwEI/GAWUrkSe44p08+wbr+9CF1efLb70Vgc3f2T7AI5wud6cyyYVC3UWmq577u8CWfr4Htj3sT/A6EZUzTVCrhFjuNng+EgXt47/UCbSsJ0ZxrXv253gRGp5hpwo0HbKZ1/BltGuQHnpb7e+ImO0iflH8VVI+HcXSIAsdzpexvD2VszB/JHDerGwMaPSEmwzgEUWFvmJA9e9VXAjSGeZyjDqbD5Ljx8SsOpsZxcji8gynVl+dWw5zlLz9iG6zPw+sHbYgqFrQYe15cLGhBspnhFwvoskebgfznBWUPcx5pyI1I2SOKLuC4M4ne7qHgAs5QdxaR6U6PUAGH7oxcJaJLUa4bVCnqhivypSgaI2znbugNFNXEoilxkS2qeTmc6KsKroXHs3AVV6M5kSewYsWKFStWrFixClP/Ah0kleP/1NitAAAAJXRFWHRkYXRlOmNyZWF0ZQAyMDIyLTA3LTI1VDAwOjQxOjU1KzAwOjAwg1RQlwAAACV0RVh0ZGF0ZTptb2RpZnkAMjAyMi0wNy0yNVQwMDo0MTo1NSswMDowMPIJ6CsAAAAASUVORK5CYII=', '정상수.PNG', 'bff0613fb49f49ab971dda890dbe2253.PNG', '/profile', 'M', '$2a$10$RVQxLVyzmRJjk1gZcH.M1udH61IMN9O.Ts2.IPYSm364odCGg18RK', 3500000);
INSERT INTO C##ASAP.TBL_EMPLOYEE (EMP_CODE, EMP_NAME, EMP_BIRTH, DEPT_CODE, EMP_PHONE, EMP_EMAIL, EMP_ADDRESS, EMP_JOINDATE, EMP_LEAVEDATE, EMP_LEAVE_YN, JOB_CODE, ANNUAL_LEFT_DAY, SIGN_IMG, PROFILE_NAME, PROFILE_RENAME, PROFILE_PATH, EMP_GENDER, EMP_PWD, SALARY_BASE)
  VALUES (2017090910, '성진아', '1962-06-22', 'D2', '01057494827', 'ebesantie9@jalbum.net', '경기도 안산시', TO_DATE('2017-09-09', 'YYYY-MM-DD HH24:MI:SS'), null, 'N', 'J5', 15, 'data:image/png;base64,iVBORw0KGgoAAAANSUhEUgAAAGQAAABkCAMAAABHPGVmAAAABGdBTUEAALGPC/xhBQAAACBjSFJNAAB6JgAAgIQAAPoAAACA6AAAdTAAAOpgAAA6mAAAF3CculE8AAACmlBMVEUAAAD/AAD/AAD/AAD/AAD/AAD/AAD/AAD/AAD/AAD/AAD/AAD/AAD/AAD/AAD/AAD/AAD/AAD/AAD/AAD/AAD/AAD/AAD/AAD/AAD/AAD/AAD/AAD/AAD/AAD/AAD/AAD/AAD/AAD/AAD/AAD/AAD/AAD/AAD/AAD/AAD/AAD/AAD/AAD/AAD/AAD/AAD/AAD/AAD/AAD/AAD/AAD/AAD/AAD/AAD/AAD/AAD/AAD/AAD/AAD/AAD/AAD/AAD/AAD/AAD/AAD/AAD/AAD/AAD/AAD/AAD/AAD/AAD/AAD/AAD/AAD/AAD/AAD/AAD/AAD/AAD/AAD/AAD/AAD/AAD/AAD/AAD/AAD/AAD/AAD/AAD/AAD/AAD/AAD/AAD/AAD/AAD/AAD/AAD/AAD/AAD/AAD/AAD/AAD/AAD/AAD/AAD/AAD/AAD/AAD/AAD/AAD/AAD/AAD/AAD/AAD/AAD/AAD/AAD/AAD/AAD/AAD/AAD/AAD/AAD/AAD/AAD/AAD/AAD/AAD/AAD/AAD/AAD/AAD/AAD/AAD/AAD/AAD/AAD/AAD/AAD/AAD/AAD/AAD/AAD/AAD/AAD/AAD/AAD/AAD/AAD/AAD/AAD/AAD/AAD/AAD/AAD/AAD/AAD/AAD/AAD/AAD/AAD/AAD/AAD/AAD/AAD/AAD/AAD/AAD/AAD/AAD/AAD/AAD/AAD/AAD/AAD/AAD/AAD/AAD/AAD/AAD/AAD/AAD/AAD/AAD/AAD/AAD/AAD/AAD/AAD/AAD/AAD/AAD/AAD/AAD/AAD/AAD/AAD/AAD/AAD/AAD/AAD/AAD/AAD/AAD/AAD/AAD/AAD/AAD/AAD/AAD/AAD/AAD/AAD/AAD/AAD/AAD/AAD/AAD/AAD///+Yj5EwAAAA3HRSTlMAAAQXNFJqfIQYBQYsqdfy/tiqbC0OUen74r2ZfWti6lAIT7v4/NWPTSEJASmh9fq/YBoZXr6iKlbPXw/ZVwp78ZIe9AsNjuNDA0g7EiMMkxtZ1pbNMBHSJ8jHxsXJqxbM7StBB4MoExTg/efh5MP2cfcfth04wqCR6yC8sM6xuvNmr3bRuFvTnRUQei/oOTKuyzZMAlzvN0uQpIk8IjWH7lXaQE6CaXhzM42aZXn5wUd+dXSlPiTc1IGV5oyft98/U9C5qEbbJiUx5RxkSoamm6NULjo9lJhvREXAcjFyzwAAAAFiS0dE3XBnsyEAAAAJcEhZcwAACxMAAAsTAQCanBgAAAAHdElNRQfmBxkAKTtmteD1AAAFzUlEQVRo3u2Y6VsTVxSHcxIIgSGbEggomGgmGAIZIrIkCAnIFhVIUdxFBaqiplGKUtGKexVE2pJKsS5YsRXSonaz2mpb3OrS1m62tveP6Z1JJsT1aSb54If5fcozeea+c+65Z7lHIODFixcvXrx48eL1cglAKIqKFsdIJDHi6KjYOIDIE4h4sVQmVyBGCrlywsQEIqIcAFXihCSkTk6ZNDk1LS118qSUZDWaMkGjihwGtFOn6Uh9+nRDhpFZFIwZhunpelI3TaONDAUgM8tEZZtnGB9bD4w5M3MpU15+JIwBYYESWayFT68FUGi1oFlFwrApUGyzm0pKn/25AKUls+22sjApUF5BVVqJ564CxMxKqqI8LAoUV5CyqoAZOFTinvAMOOYoyYriMCggtKllcwFgXjUDgpraPCdet6bcpzIjFKfnvVKntnH3C0CRvBLbATXzF9TTFFi4KGkxQELukqXLli9duqJhJahWrW5sqpQXcT5jkK80WTGj+VUKLVsDsNa5joFEKStbVq/fsNH1Wg4NiQezW5nPEQLaLFSCU4dj0+aNS1BK68rXlQUWGtJc2rZlK2pfU+p0+CDEG6idW1QCaNyWVgCj2b4tumM72lHlQjFvYgj+p2Pnep2uQoV/MhBotbg1nDYMVJ0kvVnRSbt2G2HxcrRn0978fbQlkJmL9h94a/3BQ+CHgJXsVHGCJFK5XXizanXdOK3DYUvPEb/je1egt0sh6h3U4PRBBNCVTWk4QICQKrAhAnAeqKEPFrzb5/FD3juaJ8LYxq0t/SwEzEhKhE6BhCT9jEAUat8fOPZBVVxhyj4cMcTxeQz2xEmjH4I/RZ+UwAGSitJZX4L2lIkaVMtjtG0GvHWO3ibWAUCcTvMRB5A4ZAgIpeT0gCF97kWJ+UUf2s8wcV+2fVvvkwvCECkNOewhVrbRwH4unEUfYSd8jM75IFt3DT8FMSTLRCFDouQpGQHIOTRCQIYXfeKHUPM/tfkVs+kQ87A4RT4cMiQaecezb+Ysd8PZHaP7Tvgg51GQpsQzD8GLEkOEAIjR5KAU35Q9m5TvP+LLxcIL1pkBWQu6fJCL2POhUQBswe8AdPXPOVn+gkUAn0ZbyBAJSgvpFUhDkpcTYkOp/+MdMKoWOoDzdgU7nn1Y+NnnTM8AHtHh+lgPHellX2RXc3V88BEGT9uXTV/F4TRY2nKJTmeg2vu1XV5nW8jWEwG3IxwUjLD28iUd5bqC61cbAwHPZTJp555vFN8KYRzCKRhjZckGX+gdVCQfu6pE10QsxPBdzwWH4/vKDZlBEE5phU2Q8MPo2LAHqvejvQxESEC/+7oWIG6PuioIMkTeCL0vwqdlgK5ZRi+THOGmLjujreXWyay8nNsbLuGS+6N+8E4Awi3Vs0ULiGujdIIHw926dfdalPc3637yeNHYz5JV6JcMCC5a8RwghBSZsQXCBgXdiMDhwQWF91puDXsf5IDzwSBCR7M6AMIsvwLQMI0ETvO/luFqeBZNYnziENLm1f92uldLs1VLehqZRmKUSyMRaIlOjFFX+y6MyF397Oly/P5HDVtqhMdv4rwJZvI6t5bI39zBn6sUpBrdOm1kIWWdPXce7+07LO6p3Lph0LYzbSo47z/86+/bxkAwPll+gSjh2qbSDbfMbWa6efBVKxZynpTWPvTryqkc3HDLuDbceO0Cu+tRUOm6p9TnMNtFjVKs1Hfzm1xhXB2wi7vVyrnjVbh5Sz9BO76+6cy4+v+RUWFcgui0N0IqH73oKwHOyMK7ztEX0xHKZW5+wcXU7KJGwruY0rZ02021rc+/Ypvs3eHZwSxEDwvGzF3PHhaMIWVB+MMCZuzRbqL+fcbYw5pNmbIiMvYQMAOcTh1ZNzAUPMAZGtCTus6pERrgMMaoNFJmFOW9SI+iLnojP4piMESj+Ebd+FBNJp0YH9mhmp8jFA0nim0SiU2cOCwSRp7AixcvXrx48eLFK0z9ByPCo77q2QGdAAAAJXRFWHRkYXRlOmNyZWF0ZQAyMDIyLTA3LTI1VDAwOjQxOjU5KzAwOjAwRPQ64wAAACV0RVh0ZGF0ZTptb2RpZnkAMjAyMi0wNy0yNVQwMDo0MTo1OSswMDowMDWpgl8AAAAASUVORK5CYII=', '성진아.PNG', '27479c8924c8481893e868ee6c85208d.PNG', '/profile', 'F', '$2a$10$RVQxLVyzmRJjk1gZcH.M1udH61IMN9O.Ts2.IPYSm364odCGg18RK', 5000000);
INSERT INTO C##ASAP.TBL_EMPLOYEE (EMP_CODE, EMP_NAME, EMP_BIRTH, DEPT_CODE, EMP_PHONE, EMP_EMAIL, EMP_ADDRESS, EMP_JOINDATE, EMP_LEAVEDATE, EMP_LEAVE_YN, JOB_CODE, ANNUAL_LEFT_DAY, SIGN_IMG, PROFILE_NAME, PROFILE_RENAME, PROFILE_PATH, EMP_GENDER, EMP_PWD, SALARY_BASE)
  VALUES (2004042611, '백예빈', '1978-11-02', 'D3', '01077075949', 'gosbistona@123-reg.co.uk', '경기도 수원시', TO_DATE('2004-04-26', 'YYYY-MM-DD HH24:MI:SS'), TO_DATE('2022-07-04', 'YYYY-MM-DD HH24:MI:SS'), 'N', 'J1', 15, null, '백예빈.PNG', '73a7c295ea7444898aa9d8a961679632.PNG', '/profile', 'F', '$2a$10$RVQxLVyzmRJjk1gZcH.M1udH61IMN9O.Ts2.IPYSm364odCGg18RK', 2200000);
INSERT INTO C##ASAP.TBL_EMPLOYEE (EMP_CODE, EMP_NAME, EMP_BIRTH, DEPT_CODE, EMP_PHONE, EMP_EMAIL, EMP_ADDRESS, EMP_JOINDATE, EMP_LEAVEDATE, EMP_LEAVE_YN, JOB_CODE, ANNUAL_LEFT_DAY, SIGN_IMG, PROFILE_NAME, PROFILE_RENAME, PROFILE_PATH, EMP_GENDER, EMP_PWD, SALARY_BASE)
  VALUES (2020060812, '홍인수', '1971-04-30', 'D3', '01033536405', 'mbedwellb@nsw.gov.au', '경기도 파주시', TO_DATE('2020-06-08', 'YYYY-MM-DD HH24:MI:SS'), null, 'N', 'J2', 15, null, '홍인수.PNG', '70b17f87159b46c898c85653639c4ca8.PNG', '/profile', 'F', '$2a$10$RVQxLVyzmRJjk1gZcH.M1udH61IMN9O.Ts2.IPYSm364odCGg18RK', 2800000);
INSERT INTO C##ASAP.TBL_EMPLOYEE (EMP_CODE, EMP_NAME, EMP_BIRTH, DEPT_CODE, EMP_PHONE, EMP_EMAIL, EMP_ADDRESS, EMP_JOINDATE, EMP_LEAVEDATE, EMP_LEAVE_YN, JOB_CODE, ANNUAL_LEFT_DAY, SIGN_IMG, PROFILE_NAME, PROFILE_RENAME, PROFILE_PATH, EMP_GENDER, EMP_PWD, SALARY_BASE)
  VALUES (2006100513, '박세영', '1974-02-12', 'D3', '01079426789', 'cbrokenshawc@xrea.com', '경기도 고양시', TO_DATE('2006-10-05', 'YYYY-MM-DD HH24:MI:SS'), null, 'N', 'J3', 15, null, '박세영.PNG', '611e6af527504bfda2c6f271e0e48dea.PNG', '/profile', 'M', '$2a$10$RVQxLVyzmRJjk1gZcH.M1udH61IMN9O.Ts2.IPYSm364odCGg18RK', 3000000);
INSERT INTO C##ASAP.TBL_EMPLOYEE (EMP_CODE, EMP_NAME, EMP_BIRTH, DEPT_CODE, EMP_PHONE, EMP_EMAIL, EMP_ADDRESS, EMP_JOINDATE, EMP_LEAVEDATE, EMP_LEAVE_YN, JOB_CODE, ANNUAL_LEFT_DAY, SIGN_IMG, PROFILE_NAME, PROFILE_RENAME, PROFILE_PATH, EMP_GENDER, EMP_PWD, SALARY_BASE)
  VALUES (2010071514, '이도현', '1964-09-22', 'D3', '01069744916', 'sgratrexd@cdbaby.com', '경기도 연천군', TO_DATE('2010-07-15', 'YYYY-MM-DD HH24:MI:SS'), TO_DATE('2022-07-04', 'YYYY-MM-DD HH24:MI:SS'), 'N', 'J4', 15, 'data:image/png;base64,iVBORw0KGgoAAAANSUhEUgAAAGQAAABkCAMAAABHPGVmAAAABGdBTUEAALGPC/xhBQAAACBjSFJNAAB6JgAAgIQAAPoAAACA6AAAdTAAAOpgAAA6mAAAF3CculE8AAACo1BMVEUAAAD/AAD/AAD/AAD/AAD/AAD/AAD/AAD/AAD/AAD/AAD/AAD/AAD/AAD/AAD/AAD/AAD/AAD/AAD/AAD/AAD/AAD/AAD/AAD/AAD/AAD/AAD/AAD/AAD/AAD/AAD/AAD/AAD/AAD/AAD/AAD/AAD/AAD/AAD/AAD/AAD/AAD/AAD/AAD/AAD/AAD/AAD/AAD/AAD/AAD/AAD/AAD/AAD/AAD/AAD/AAD/AAD/AAD/AAD/AAD/AAD/AAD/AAD/AAD/AAD/AAD/AAD/AAD/AAD/AAD/AAD/AAD/AAD/AAD/AAD/AAD/AAD/AAD/AAD/AAD/AAD/AAD/AAD/AAD/AAD/AAD/AAD/AAD/AAD/AAD/AAD/AAD/AAD/AAD/AAD/AAD/AAD/AAD/AAD/AAD/AAD/AAD/AAD/AAD/AAD/AAD/AAD/AAD/AAD/AAD/AAD/AAD/AAD/AAD/AAD/AAD/AAD/AAD/AAD/AAD/AAD/AAD/AAD/AAD/AAD/AAD/AAD/AAD/AAD/AAD/AAD/AAD/AAD/AAD/AAD/AAD/AAD/AAD/AAD/AAD/AAD/AAD/AAD/AAD/AAD/AAD/AAD/AAD/AAD/AAD/AAD/AAD/AAD/AAD/AAD/AAD/AAD/AAD/AAD/AAD/AAD/AAD/AAD/AAD/AAD/AAD/AAD/AAD/AAD/AAD/AAD/AAD/AAD/AAD/AAD/AAD/AAD/AAD/AAD/AAD/AAD/AAD/AAD/AAD/AAD/AAD/AAD/AAD/AAD/AAD/AAD/AAD/AAD/AAD/AAD/AAD/AAD/AAD/AAD/AAD/AAD/AAD/AAD/AAD/AAD/AAD/AAD/AAD/AAD/AAD/AAD/AAD/AAD/AAD/AAD/AAD/AAD/AAD/AAD/AAD/AAD/AAD/AAD/AAD////yMKsNAAAA33RSTlMAAAQXNFJqfIQYBQYsqdfy/tiqbC0OUen74r2ZfWti6lAIT7v4/NWPTSEJASmh9fq/YBoZXr6iKlbPXw/ZVwp78ZIe9AsNjuNDOwdTXCYoEhHSJ0Vjw+vOdx/e/Yb2hfkQge2aiImLSZGgRvNLOcpmFOYkupN1t+gztUIjFdTRb69K0BOz29p0fnCkAwKnNhYbgjHuMmSQ4OxtHK7JOk7hLrS4PYO5yKWm8B3B7z8MvC8wVdOVK3bWzFnco7GMbp3fR+c3qJZIJTjFrZjlxmWbIFSAjTzAwseUh+RBej5A781R/QAAAAFiS0dE4CgP/zAAAAAJcEhZcwAACxMAAAsTAQCanBgAAAAHdElNRQfmBxkAKTdvA6zeAAAFrUlEQVRo3u2Y61sTRxSHOQnEhM2FICEBBRNkAwHJEq0GgiZBw0WsGmuxBYygtLZCL2qs0CqoWKk1WBEsVVvQtuIVrxW11toq9m6tLbUXtM6/0plNlgRvz5NNPvhhfx+SeWaz82Zmzjlz5sTECBIkSJAgQYIECXq6BCASx8ZJxkml4yRxsbJ4gOgTKLlEoVQlIFYJKnXi+CQqqhwATXKiFulSUidMTEtPT5s4ITVFhyYl6jXRw4AhY3ImbczKNuXksoNCbo4pO8tIZ07WG6JDAZiSZ2byLVNzx4wHudOemc6YZ1ijMRkQFahRoa3o4bEAimyFaOYsUcQUsDuc5uLZj/67ALOL5zgdrggpUFLKlNmox44ClK2MKS2JiAL2UlpZ/qRVByhX0qX2CCggcuiUc4MMqJj3bNED4wHMVeoc/PcFYJaqDM8DNPMXLCS2Be5F2ucA7Iv1GaPSW6G8TDWLt42BVW224TGfr9QueeHFhcBBqqprmJqEgNBSAItHbeUJAUMeKqaAWlbrrJw+qSYPW7EfUrd8xZz6l172a+UrOOS8ilbx80oAvaewCqChsfo1l+H1N+g3A5AYWG1cszZ0TKgq9Oh5LRhovDReLFiH3sKfEKdbbwhCmpqL3AHl4A6w0V4NL0gyM70OL8XbzDtkzzesMW4chbTUqFsDatlEntblM3oeEKAUCWQi8ZvpLWQY65K2rRzE/e62bdvaZ7a346/q98hTsCAFFT4FkrTGqWQltqNiEYa9j3b4OEjHaplMvCFr5we7ZDIZ6+7QadQm8YCkoSyylyCvbtzdlbSpqbuB23j/8z0r0IdBN4UeJAkbAiIFnc3+R5j3EXJ2J+zd5+NMOL4Ci9r/8Se9/hbrp320Imy3B5nygClwQh2UfvpZz+c+zhlFh1K9WP2Vh8mXd/IRMYGYUpTisCGxqtQcbmWAqmBPLD8k/uixvayWsJ/drccJxJ6qag4bEofqH3IvPyT3uHVKqNbGs/ZVj5LDhABI0MSHIVR2wWN8jlihJEynB3CE9w5ga3SEDZGi9LBegXQkfTohDpTGvQO+3i3sgQi5RXW+BxIjjdsHvJeL23iocNd1nhg4qXGfwkdk4ukqYkod4jNnZR2k5TqSv8EPCX/jgyYM5xa1fjGnpr2t5bx4sNMfuzQXWpyqiw43aV5aIfdDwjfhoDPCl5fb1Vgzq7+a0S1tJWGlYzmtvbJ5TcLXOHCOQng5o0yZYvK/LTZdvdK/MnbX/n70DQsxfdt0zec7WXZ9SgiEV1jhAiRu7fZ4jtWcPg5ym5yFDHn6DeSg0ZWHQProG+HnRdhaevybMqhVX+vaga5C8nffs5AF1y/LAX4wdneNQviFeu7Qwo0fPevtsA8dsleiG2yop+pR21LpJXQ0JwjBh5acB4RSIAt7am38qfbnX24ea4ALv95qY62r87duhAbybgMH4Xv8xoCeJBJkJWLXDzS23IoHkWur/2QE6uzv5/bgfcEmfLhpEEgiUcsnkRhNiXxnh8RJsTL2+HP9MSzDPQd7T3HBQPRnQwn+kYXu55cSBZK7kjs3x642uLxNXWN7bhd6Mvhlw2BYRdJUzeGBgw9A/moc43dAFfNNU0mupfRYQPM3s3PdPwGdXyYGcJ2gFcGef6fhhFvJN+HGC1bgHCk/dYepZTjRB+ZjiDekR3fTenckgqsDjvH3dMr/zty9H1SvnZhCaM/QYiUTwSWIBK5hWn33yde5+xFe58jFdJgZsVQ84WJqGWGGI7uYkrncc5rXVT3+im123otsHuxApFjQZql7dLGgDakLIi8WsGWPVWbmziPKHrZ8xpwXlbJHDFvA8WbSF3v6Qgs4fT1GOtObEaUCDjsZjV7BlqLqt5NS1Pb66JeiWAw1KLlxMVhUUyrGy6NbVAtwROLmZIlDKnVIkpvFougTBAkSJEiQIEGCBEWo/wH2F67Q2cMahQAAACV0RVh0ZGF0ZTpjcmVhdGUAMjAyMi0wNy0yNVQwMDo0MTo1NSswMDowMINUUJcAAAAldEVYdGRhdGU6bW9kaWZ5ADIwMjItMDctMjVUMDA6NDE6NTUrMDA6MDDyCegrAAAAAElFTkSuQmCC', '이도현.PNG', '8fbe2fac275d4a7c86115b502da181ec.PNG', '/profile', 'M', '$2a$10$RVQxLVyzmRJjk1gZcH.M1udH61IMN9O.Ts2.IPYSm364odCGg18RK', 3500000);
INSERT INTO C##ASAP.TBL_EMPLOYEE (EMP_CODE, EMP_NAME, EMP_BIRTH, DEPT_CODE, EMP_PHONE, EMP_EMAIL, EMP_ADDRESS, EMP_JOINDATE, EMP_LEAVEDATE, EMP_LEAVE_YN, JOB_CODE, ANNUAL_LEFT_DAY, SIGN_IMG, PROFILE_NAME, PROFILE_RENAME, PROFILE_PATH, EMP_GENDER, EMP_PWD, SALARY_BASE)
  VALUES (2019121415, '노진호', '1996-09-29', 'D3', '01061748587', 'radiscote@telegraph.co.uk', '경기도 광주시', TO_DATE('2019-12-14', 'YYYY-MM-DD HH24:MI:SS'), null, 'N', 'J5', 15, 'data:image/png;base64,iVBORw0KGgoAAAANSUhEUgAAAGQAAABkCAMAAABHPGVmAAAABGdBTUEAALGPC/xhBQAAACBjSFJNAAB6JgAAgIQAAPoAAACA6AAAdTAAAOpgAAA6mAAAF3CculE8AAACeVBMVEUAAAD/AAD/AAD/AAD/AAD/AAD/AAD/AAD/AAD/AAD/AAD/AAD/AAD/AAD/AAD/AAD/AAD/AAD/AAD/AAD/AAD/AAD/AAD/AAD/AAD/AAD/AAD/AAD/AAD/AAD/AAD/AAD/AAD/AAD/AAD/AAD/AAD/AAD/AAD/AAD/AAD/AAD/AAD/AAD/AAD/AAD/AAD/AAD/AAD/AAD/AAD/AAD/AAD/AAD/AAD/AAD/AAD/AAD/AAD/AAD/AAD/AAD/AAD/AAD/AAD/AAD/AAD/AAD/AAD/AAD/AAD/AAD/AAD/AAD/AAD/AAD/AAD/AAD/AAD/AAD/AAD/AAD/AAD/AAD/AAD/AAD/AAD/AAD/AAD/AAD/AAD/AAD/AAD/AAD/AAD/AAD/AAD/AAD/AAD/AAD/AAD/AAD/AAD/AAD/AAD/AAD/AAD/AAD/AAD/AAD/AAD/AAD/AAD/AAD/AAD/AAD/AAD/AAD/AAD/AAD/AAD/AAD/AAD/AAD/AAD/AAD/AAD/AAD/AAD/AAD/AAD/AAD/AAD/AAD/AAD/AAD/AAD/AAD/AAD/AAD/AAD/AAD/AAD/AAD/AAD/AAD/AAD/AAD/AAD/AAD/AAD/AAD/AAD/AAD/AAD/AAD/AAD/AAD/AAD/AAD/AAD/AAD/AAD/AAD/AAD/AAD/AAD/AAD/AAD/AAD/AAD/AAD/AAD/AAD/AAD/AAD/AAD/AAD/AAD/AAD/AAD/AAD/AAD/AAD/AAD/AAD/AAD/AAD/AAD/AAD/AAD/AAD/AAD/AAD/AAD/AAD/AAD/AAD/AAD/AAD/AAD/AAD/AAD/AAD/AAD/AAD/AAD/AAD/AAD/AAD///8bLYGWAAAA0XRSTlMAAAQXNFJqfIQYBQYsqdfy/tiqbC0OUen74r2ZfWti6lAIT7v4/NWPTSEJASmh9fq/YBoZXr6iKlbPXw/ZVwp78ZIe9AsNjuNDA0g7DFnWMcjHxsXJqxbM7StBU5zg/efh5MP2VZ8HHTjCoCgbkR8gsbqmErhb050VEO7R1Gkyrsvb2t5uXO83JaUzPCI18F2QsrzrToe5xBTzrOzNlnlxmiTBR34RAi8wI0lUZ0p2+YGv5oyTld/oP3dtqKMu3KfQht2Deps6Rjb3lETlQEWNwMeHHm4AAAABYktHRNLg2K6wAAAACXBIWXMAAAsTAAALEwEAmpwYAAAAB3RJTUUH5gcZACk6EbLQYwAABX5JREFUaN7tmPtfk1Ucx/fdxtx42E0ZjKsb7BnCZA8DuY3LNhqXEQ01TSEFCaJEBCddgAyFShQvkSJZWqECGWRkaWammZFdzOz8R53zbIxNLq/Xnu0Hf3g+P+w5217n+37O+Z7vOd/zFQh48eLFixcvXrx4PVsCEIrEUZI1UukaSZRYFg0QeQIVI5ErlCrESqVUr10XS0WUA6CJWxuPtAmJSckpqakpyUmJCVq0fq1OEzkM6NPSDbQxY0Nmlok1CqaszA0ZRtqQrtNHhgKwMdvM5FhyTUH2wJS3KZ8xFxRGYjAgLFKjYmvJUlsAJdZiVFomDJsC5Ta72VGx/OsCVDies9ucYVKgsoqptlIrWgFqUzVTVRkWBcqraEXNKrMO4KpV01XlYVBAaNMqnn+aAa66Sq+cJijPKHjBrbVx9wtAmbK6BnLT6oM4EJu/ecvWF7ds2bb9JdDs2NnQWK0s47zGoFBttgK8rN0VDBGrq3fvbGre0/JKHoHEgKVVXcgRAvps5MBbRxt6NRjSXvHa63tRx76KTpcXQu1HHdyiEkDXWtwFgiUQ/E/3gSaDoUqD/2Qh0FXcquM0YaDx0HiyCORgj19ZQLaAfPTGm281vd0LPghYaY+GEySOye/DHaGtqf+dBR16F1sc2IYOV4D4CNre6YUIoC+H0XGAACVXkYEIoNZYOjg4VDo0NDg4+N77GPLB0QIRfjTs3T28AAELklOhUyA23phLuoFeJpOJjjmOj4hwow5bpE70EDicPGXyQQTQaYyP5QBJQRmLvoTh06oPfd/ANdC44ACg2lK9xFEkCRkCQjm9ge0d3Y4V3fXR1lNsizKB88zZgacNwhgtDznsQabYk0kg0ecSPVjjH28eJ88z2efBufeTkSWQzASFKGSIWJmYRSDtn56+wOos+9l/MQ9DmM8+t/m05ote1nPlicqRkCFRaIJdW6aKwo2BuiQE52UUoPUxLAQmUFyIEAAJSl4hhkF4xbrJL2tRnxcyiT0fGgXAFlofwKvRFjJEilJD6gKpSPpsQmwoJaAPmDRTrmVM+H/nNl3Bjoe64/knF+N/WvTlVdk0WXzO4zlfcXW8fwmTsKydmamdHbR/fWVm5tolYlnzzSG70m2bWjhPBNyWsD8YcWt2jqbnDCrVnEFLo0lsePpbOv7A9e9U3wthEcIpGGWKhEwvpH7/jaQEEnZHCxw3r2FI5g+3rrhcP1Y3bwyAcNpWfBuk10FRSvftny5rvZ6F4dZxPd44r2trAiBj9J3Q8yK8WkZ9joTpn+k4gLvrj3iDe1/zPXzkHjP21/sh3Lb6xUOLQH5pKgIQX7g4xUKoCXT/V+kOdDALAg+tGA4QSo4svvUFlrkHv80fQed815PO3/uxh7K7AcI8fgWg8yYSpFl++wGtat7f6z8Pr862DehJKqPZfKuBTSTmuCQS/pTIOxbxA2XUtO+L6+7DugWc8MQflXhAFnqcW0rkTe5MJeexev5s+Wu2j7SmpsHpuVUfnO11F7emccuGQd+BHNHUrlI3ltqsvcc+PaIlxy9QDq5pKkm4Fa0WateQgsh4yE0epekYcpmW3/jbp5vn8nDCreCacOMJK7K3PKrsDVIPmS5mjlmQ9p/CxpYwrg7YxfNa9cOll6CrjY8XNfyvggnjEkTW7hNa/Wi1twR4rAjvOkcupk+YFkv7KhdTSwvzJLyLKRnLvN18o2vlK7bZPh/eOFhDpFhw39K3fLHgPlIXhV8sYMseHWbmv2XKHtYcxpwdkbKHgC3geAy0e3QssIAzNmqkDZ60CBVw2MFodHK2FDUxSUpRkxORL0WxGKpBcse9WFRTyNfFRLao5uMIRSNxEptUapPEjYiEkSfw4sWLFy9evHjxClP/AyN9jhUVc24uAAAAJXRFWHRkYXRlOmNyZWF0ZQAyMDIyLTA3LTI1VDAwOjQxOjU4KzAwOjAw4oMxVwAAACV0RVh0ZGF0ZTptb2RpZnkAMjAyMi0wNy0yNVQwMDo0MTo1OCswMDowMJPeiesAAAAASUVORK5CYII=', '노진호.PNG', '738ddf05ee61460cb87fa8b1e41f9d9d.PNG', '/profile', 'M', '$2a$10$RVQxLVyzmRJjk1gZcH.M1udH61IMN9O.Ts2.IPYSm364odCGg18RK', 5000000);
INSERT INTO C##ASAP.TBL_EMPLOYEE (EMP_CODE, EMP_NAME, EMP_BIRTH, DEPT_CODE, EMP_PHONE, EMP_EMAIL, EMP_ADDRESS, EMP_JOINDATE, EMP_LEAVEDATE, EMP_LEAVE_YN, JOB_CODE, ANNUAL_LEFT_DAY, SIGN_IMG, PROFILE_NAME, PROFILE_RENAME, PROFILE_PATH, EMP_GENDER, EMP_PWD, SALARY_BASE)
  VALUES (2002080116, '권효빈', '1962-04-12', 'D4', '01070747789', 'lgullefordf@tmall.com', '경기도 용인시', TO_DATE('2002-08-01', 'YYYY-MM-DD HH24:MI:SS'), null, 'N', 'J1', 15, null, '권효빈.PNG', '3cbc5d42778c48e586e329bfbb62ab79.PNG', '/profile', 'M', '$2a$10$RVQxLVyzmRJjk1gZcH.M1udH61IMN9O.Ts2.IPYSm364odCGg18RK', 2200000);
INSERT INTO C##ASAP.TBL_EMPLOYEE (EMP_CODE, EMP_NAME, EMP_BIRTH, DEPT_CODE, EMP_PHONE, EMP_EMAIL, EMP_ADDRESS, EMP_JOINDATE, EMP_LEAVEDATE, EMP_LEAVE_YN, JOB_CODE, ANNUAL_LEFT_DAY, SIGN_IMG, PROFILE_NAME, PROFILE_RENAME, PROFILE_PATH, EMP_GENDER, EMP_PWD, SALARY_BASE)
  VALUES (2003112617, '홍민욱', '1986-06-06', 'D4', '01094462097', 'abergeg@sina.com.cn', '경기도 오산', TO_DATE('2003-11-26', 'YYYY-MM-DD HH24:MI:SS'), TO_DATE('2022-07-04', 'YYYY-MM-DD HH24:MI:SS'), 'N', 'J2', 15, null, '홍민욱.PNG', 'e159f7625b794bf89584fba9950f1789.PNG', '/profile', 'F', '$2a$10$RVQxLVyzmRJjk1gZcH.M1udH61IMN9O.Ts2.IPYSm364odCGg18RK', 2800000);
INSERT INTO C##ASAP.TBL_EMPLOYEE (EMP_CODE, EMP_NAME, EMP_BIRTH, DEPT_CODE, EMP_PHONE, EMP_EMAIL, EMP_ADDRESS, EMP_JOINDATE, EMP_LEAVEDATE, EMP_LEAVE_YN, JOB_CODE, ANNUAL_LEFT_DAY, SIGN_IMG, PROFILE_NAME, PROFILE_RENAME, PROFILE_PATH, EMP_GENDER, EMP_PWD, SALARY_BASE)
  VALUES (2007052418, '송우일', '1985-04-12', 'D4', '01094556471', 'wcoulth@house.gov', '경기도 여주시', TO_DATE('2007-05-24', 'YYYY-MM-DD HH24:MI:SS'), TO_DATE('2022-07-04', 'YYYY-MM-DD HH24:MI:SS'), 'N', 'J3', 15, null, '송우일.PNG', 'abd780733a474b308e178fe0f31e7dca.PNG', '/profile', 'F', '$2a$10$RVQxLVyzmRJjk1gZcH.M1udH61IMN9O.Ts2.IPYSm364odCGg18RK', 3000000);
INSERT INTO C##ASAP.TBL_EMPLOYEE (EMP_CODE, EMP_NAME, EMP_BIRTH, DEPT_CODE, EMP_PHONE, EMP_EMAIL, EMP_ADDRESS, EMP_JOINDATE, EMP_LEAVEDATE, EMP_LEAVE_YN, JOB_CODE, ANNUAL_LEFT_DAY, SIGN_IMG, PROFILE_NAME, PROFILE_RENAME, PROFILE_PATH, EMP_GENDER, EMP_PWD, SALARY_BASE)
  VALUES (2012022119, '황우선', '1993-12-06', 'D4', '01040260141', 'rmacclanceyi@mysql.com', '경기도 의왕시', TO_DATE('2012-02-21', 'YYYY-MM-DD HH24:MI:SS'), null, 'N', 'J4', 15, 'data:image/png;base64,iVBORw0KGgoAAAANSUhEUgAAAGQAAABkCAMAAABHPGVmAAAABGdBTUEAALGPC/xhBQAAACBjSFJNAAB6JgAAgIQAAPoAAACA6AAAdTAAAOpgAAA6mAAAF3CculE8AAACylBMVEUAAAD/AAD/AAD/AAD/AAD/AAD/AAD/AAD/AAD/AAD/AAD/AAD/AAD/AAD/AAD/AAD/AAD/AAD/AAD/AAD/AAD/AAD/AAD/AAD/AAD/AAD/AAD/AAD/AAD/AAD/AAD/AAD/AAD/AAD/AAD/AAD/AAD/AAD/AAD/AAD/AAD/AAD/AAD/AAD/AAD/AAD/AAD/AAD/AAD/AAD/AAD/AAD/AAD/AAD/AAD/AAD/AAD/AAD/AAD/AAD/AAD/AAD/AAD/AAD/AAD/AAD/AAD/AAD/AAD/AAD/AAD/AAD/AAD/AAD/AAD/AAD/AAD/AAD/AAD/AAD/AAD/AAD/AAD/AAD/AAD/AAD/AAD/AAD/AAD/AAD/AAD/AAD/AAD/AAD/AAD/AAD/AAD/AAD/AAD/AAD/AAD/AAD/AAD/AAD/AAD/AAD/AAD/AAD/AAD/AAD/AAD/AAD/AAD/AAD/AAD/AAD/AAD/AAD/AAD/AAD/AAD/AAD/AAD/AAD/AAD/AAD/AAD/AAD/AAD/AAD/AAD/AAD/AAD/AAD/AAD/AAD/AAD/AAD/AAD/AAD/AAD/AAD/AAD/AAD/AAD/AAD/AAD/AAD/AAD/AAD/AAD/AAD/AAD/AAD/AAD/AAD/AAD/AAD/AAD/AAD/AAD/AAD/AAD/AAD/AAD/AAD/AAD/AAD/AAD/AAD/AAD/AAD/AAD/AAD/AAD/AAD/AAD/AAD/AAD/AAD/AAD/AAD/AAD/AAD/AAD/AAD/AAD/AAD/AAD/AAD/AAD/AAD/AAD/AAD/AAD/AAD/AAD/AAD/AAD/AAD/AAD/AAD/AAD/AAD/AAD/AAD/AAD/AAD/AAD/AAD/AAD/AAD/AAD/AAD/AAD/AAD/AAD/AAD/AAD/AAD/AAD/AAD/AAD/AAD/AAD/AAD/AAD/AAD/AAD/AAD/AAD/AAD/AAD/AAD/AAD/AAD/AAD////P9sKrAAAA7HRSTlMAAAQXNFJqfIQYBQYsqdfy/tiqbC0OUen74r2ZfWti6lAIT7v4/NWPTSEJASmh9fq/YBoZXr6iKlbPXw/ZVwp78ZIe9AsNjuNCFjMDQz4Sc4ERB4WrJhNop60lO0HE0M3l6Mk2ru3SOO/s88o3f7CJt/YCH0raZMgMxe6RoMD3SXfL8DnGMS66QPlIWYIQFBwwtcI1tP3WPaPf3uCygIq8uDobS4OVRG+skJuUlxVO4XGzZZaxZohumlVp27bRzF1+Ry+lIyIndtSv5ozr0z/nzrmoHUVtKNyGplh5IORUMis8RsecnZ6NwZOHel59NFMAAAABYktHRO1WvoONAAAACXBIWXMAAAsTAAALEwEAmpwYAAAAB3RJTUUH5gcZACk4/7yxTwAABgxJREFUaN7tmPtfk1Ucx/mOMQcPu4AMBgIx2cNtsAtoyJBtOC7JgACFEhEhvBCRtWFqJHmFSTYgy5WmKZYWXrBSCytN7abdvGR3KbuSef6IznlgYyT6eu3ZfvCH5/PDOM/heb7v55zv+Z7ne74BAZw4ceLEiRMnTpzuLgHwAvlBgilC4RRBED84BMD/BCpUIBJLpIiRVBIWPjWC8isHQBYZHoXk0THTYuPi4+Nip8VEy9E94Qky/2FAMT1RSSclp6SmqRijoEpLTUlOopWJCQr/UADSM9QarS5TNcEeqLJmzNSo7832x2CANysM5ehzb7UFkKvPQbPzeD5TwGA0qfPnTP66AHPyzSZjgY8UKCzSFOup21oBSl+sKSr0iQKGIlp8H8DckixgIiXE7RgACw+PD6BUTBcZfKAAzygXl8nKc+83VeSWV/Kq5s2vhjFEzQMPLoitBayFYrmRvV8A8iTFdemL6hc3oMbFOQ/xq7TqpjFI1hJaslS6bDmhlBZL8livMcgOU+she5EENc9+GLU8QiCtwVkqMkmPohVN6Y/RjxeSC501LJslBBQZKJ8CW1v90pU1ZQ1P1NoMWsmqxatrsd01TzbzASpXt0cQX1FPobXsohIgwZrThg0WdjxdsW69aUMNGLQmY8vGTaRvc3snjpPNzV3ENrTlWBNYTRjI7LSeWT9bNivl3RueAQwx123NU5C+Z5Gos7ZCY2dWL4CetstYQSI1Mx0Aqp7ezL7n0LbnM3szK2e6Hd/7wvbmqO3OF0ffHxxaTQILCFAiKR4IUC9F79hpQuadO152lia6IdAjmL9rdzW4LnVIRHlPgYiopEw8MSGvdMTE7LHvtSfad/XvwRBQVbc2NTXxSzYt5JfgRlNfFb5tX1JUBAtIHEpmPEIpFArK8epr+3cfcLye3AYQ8obSzKiF+bWGzSG3DSCB1xDgiegU9xZSc9BsbX9aciiXLFjL+gXhWKIFK0Tk7/zDR0jvIC3yOuwhWHw0dewhgDel4WXZdW9tf5sZm82CZes5drxLRVoW4hhIjRYHeg3hS2LS3JBjaCteAyfQO+PBAK0m9K7HpSFGUuI1JAgNgRty0uyseE/4/saVHlbLhz7o8riEIRTpJQRAgGLdJoBadUrdbT79oeesA2XwCHKAM9jz3lEAjJ7PgGpu/9nWnjsYAbwajV5DhCjeq0cgHgnvTogRxd3yDKhyHZb/JUaySguwnq4Jjpf1Mm2Qhe9pI0FhCzzXF2wjrYKPtB+PQrx3/MQlTM3TfsJEXOWyqE9xOMo+O2+SOI2VpHl6aegoxPsl7BmMoDphRkuOADiCawgEbBV01PELn0u/wOmKG8IqGIPF0aPbCsC6xi+d0sOGIyu+CsohkNQdjWctlq+LL6Z7QFhtK64NEqDTqYzrPC+fcu4iir1EIK3Wywq8GV+Ql3pABukr3udFeLUMMH74RosGFHC1wfztqt0Rpwjku4vfhwLUJpHP/BiE3Vbv/mhZDqHj2B8wQ9K4fNTxQA2h+h+Ep9GPaeMQ/NEKZQGhREhHUref9qaTDZ73c/g+1+rad7AdoeaMa+CCsP38BkACSSTwUBxM/gtp+PRQeWm4mkm0+n45+auCsGWrG68DSSS62SQSrpQIQlJmlLsCJqTsQAHOtLv617h6eL/9Xohv0tGX2aVEo8kdftfRDG78HwX2xs6JPddyrNPZZcOgWEvS1Ekg21omxB1Q+WzTVJJwi606kP0hv/DnX2P6eyQYoOAfWnTj0Jj2/5uFE24x24QbT9gs03Dpmg5Nt8Yl+ijO5wrsHj3yhuy6YR+ODnhl3cSHoHN1W8bVj7+5lj7PntarYo0PhyCy7Y3QYXV3ekucjvt4nCMH0xHNsK7qDgdT3bBmxLeDKRnLTZP6Rtvtj9hq003fxsEYIsWCep1j8mJBPQqb5XuxgCl7rFVrOiYpe+i1GnWGX8oeAUwBx66knQODngWcwYEkWmmf7qcCDjMYWYKIKUUNnSGlqDND/i9FMRjquuCKc7yoJhZNDfVvUW2MwwssiRQYhUKjILIkkOd/AidOnDhx4sSJEycf9R8JiLKB4bnCuQAAACV0RVh0ZGF0ZTpjcmVhdGUAMjAyMi0wNy0yNVQwMDo0MTo1NiswMDowMLK8SgoAAAAldEVYdGRhdGU6bW9kaWZ5ADIwMjItMDctMjVUMDA6NDE6NTYrMDA6MDDD4fK2AAAAAElFTkSuQmCC', '황우선.PNG', 'd3fa968bdcca41ebb71476998fed6d5d.PNG', '/profile', 'F', '$2a$10$RVQxLVyzmRJjk1gZcH.M1udH61IMN9O.Ts2.IPYSm364odCGg18RK', 3500000);
INSERT INTO C##ASAP.TBL_EMPLOYEE (EMP_CODE, EMP_NAME, EMP_BIRTH, DEPT_CODE, EMP_PHONE, EMP_EMAIL, EMP_ADDRESS, EMP_JOINDATE, EMP_LEAVEDATE, EMP_LEAVE_YN, JOB_CODE, ANNUAL_LEFT_DAY, SIGN_IMG, PROFILE_NAME, PROFILE_RENAME, PROFILE_PATH, EMP_GENDER, EMP_PWD, SALARY_BASE)
  VALUES (2021062020, '안상수', '1964-07-03', 'D4', '01077984369', 'mwarltonj@japanpost.jp', '경기도 이천시', TO_DATE('2021-06-20', 'YYYY-MM-DD HH24:MI:SS'), null, 'N', 'J5', 15, 'data:image/png;base64,iVBORw0KGgoAAAANSUhEUgAAAGQAAABkCAMAAABHPGVmAAAABGdBTUEAALGPC/xhBQAAACBjSFJNAAB6JgAAgIQAAPoAAACA6AAAdTAAAOpgAAA6mAAAF3CculE8AAACnVBMVEUAAAD/AAD/AAD/AAD/AAD/AAD/AAD/AAD/AAD/AAD/AAD/AAD/AAD/AAD/AAD/AAD/AAD/AAD/AAD/AAD/AAD/AAD/AAD/AAD/AAD/AAD/AAD/AAD/AAD/AAD/AAD/AAD/AAD/AAD/AAD/AAD/AAD/AAD/AAD/AAD/AAD/AAD/AAD/AAD/AAD/AAD/AAD/AAD/AAD/AAD/AAD/AAD/AAD/AAD/AAD/AAD/AAD/AAD/AAD/AAD/AAD/AAD/AAD/AAD/AAD/AAD/AAD/AAD/AAD/AAD/AAD/AAD/AAD/AAD/AAD/AAD/AAD/AAD/AAD/AAD/AAD/AAD/AAD/AAD/AAD/AAD/AAD/AAD/AAD/AAD/AAD/AAD/AAD/AAD/AAD/AAD/AAD/AAD/AAD/AAD/AAD/AAD/AAD/AAD/AAD/AAD/AAD/AAD/AAD/AAD/AAD/AAD/AAD/AAD/AAD/AAD/AAD/AAD/AAD/AAD/AAD/AAD/AAD/AAD/AAD/AAD/AAD/AAD/AAD/AAD/AAD/AAD/AAD/AAD/AAD/AAD/AAD/AAD/AAD/AAD/AAD/AAD/AAD/AAD/AAD/AAD/AAD/AAD/AAD/AAD/AAD/AAD/AAD/AAD/AAD/AAD/AAD/AAD/AAD/AAD/AAD/AAD/AAD/AAD/AAD/AAD/AAD/AAD/AAD/AAD/AAD/AAD/AAD/AAD/AAD/AAD/AAD/AAD/AAD/AAD/AAD/AAD/AAD/AAD/AAD/AAD/AAD/AAD/AAD/AAD/AAD/AAD/AAD/AAD/AAD/AAD/AAD/AAD/AAD/AAD/AAD/AAD/AAD/AAD/AAD/AAD/AAD/AAD/AAD/AAD/AAD/AAD/AAD/AAD/AAD/AAD/AAD/AAD/AAD/AAD/AAD/AAD////aqP6fAAAA3XRSTlMAAAQXNFJqfIQYBQYsqdfy/tiqbC0OUen74r2ZfWti6lAIT7v4/NWPTSEJASmh9fq/YBoZXr6iKlbPXw/ZVwp78ZIe9AsNjuNDAzsbFZyaEh2YnRQ5YcDgozbcFq4f2+Fz98v9sdr2IO2VlnJ0jNClE98/ty6gPLUHNcFH+d49L7oy8M1Ts0LCw+g6kHmBEAyyaLDWIu+JKFVFd25kdifEygJdXEimgMVOyCsxi3BnESXnM8fmlIiXSW2RfkEjMNNG1MzRr+R/83g3uaibye6tp4ZU3Yplk4dE5XpAjSdE2EEAAAABYktHRN7pbuKbAAAACXBIWXMAAAsTAAALEwEAmpwYAAAAB3RJTUUH5gcZACoA/JNaEgAABdtJREFUaN7tmOlfE0cYx3kSiAkhm0RJCAiYAAskgSwxUCQcCRiOmBqoirRaRYoETzwK1CrWeBeo0Ip31UpbK6Ktxao9PGqtaD17W6vO/9I9Ezw/zSYvfLG/N9ndT2a+M/M888wzT1SUIEGCBAkSJEiQoJdLACJxdIxknFQ6ThITLYsFiDxBHidRYEoVoqVSqsdPiJdHlAOg0Y5PQLrEpInJKampKckTkxJ1aNJ4vSZyGDCkpWfgmVnZRpOZ7hTMJmN2Viaeka43RIYCkJNrIfKsk82P9QdmW34BYXmlMBKTAdEUNSqyFz/dF0CxvQiVlIrCpkCZw2kpr3j2cAEqyqc6Ha4wKVBZRVTb5c/tBeT51URVZVgUKKvCsRpuGmAWiZ40jMhdg+FVZWFQQOTQYdMAXB5xLNkNvDrdW8u4F9jqKDTUvjZj5ixM5+BvF4BSZXUNGOpnN5S8/gaQFmiYM5mBzH0zfR4Fsc1vrICaamUpbx+DQrXFDuYFTcq3sOaSaIA6FgLF01VooY3E2loaKyo1dp+6kCcEDLmoXA6t8xeVVsoWoyVmEjI/Z+myYjAtb8ba0IqVFGTV6rfz2rNQB79dCaD3Fc0D6Mx4Zw3Au8q1JhKirvc1rTM7uta/t6ENeYtJyPr6qUS2p8in57VgoPHjdnJFNm7aPBlgi26rnIS0bNv+fqFkancaQI+6ubdM1tIQ/8GOmWDH/RpeEC1R0AdR0P8h2mpd1oJ/xNiktrZyp7LeTNJrGgd2iUmbkI/Ql0foeUBArlCREyFXrb1Ah9DuPZWs4QH27qMdGvZ3Mt5FPVuRQh46BeITMhlXgpXaAx/PIrsIeBf1ce7B6R2HDos/OeKh/+TJTIjnAUlBWfR+G6wzsmOE/k8/Y+MU7PI3WzapSj6vaxUxI+lFkpAhIFLg2XTz/q0DOU82B3MWOjqr/YumY7VcyBnCFSFve5BhjUYaojm++6mFAM2RScNkuClwnuAgxkRMHDIkWplkYiEZJ79cymrBV6foj6Z0SzbA15kjhzlIWZLydMiQGOQFBvINGqMzhxkTWJsSz57bjL6N5SDgRdoQIQASlMxAYr+z5wdk38fsOTB8X9KlG/lBBoEG50nLh0YBcLy4DZjrLuzfGwvBBinIETJEilJDagKpSPpyQhwo5X+0AbPmlBt4LxdneO5ddjH4CoPiDZdkg1Q8cK3Iu8hAQjd80IVZxrD/x8tcEgGaQz85lQMOcsuA5sqiOAYSugsHNyOzKNt+VqnO1DPOBIM78ISFV8+olosgCOG1GWVYopEbuSh/lJh4bff1a3SCBcZV3evc7tXVIzljILzCChcgqRA5TrnpF5e7dJVuho06YW74bhoAYq/qasZAhvBboedFpLf00qEebLd1DaVu8rDquYNuxlGH1sicOCpw3T0RgPAL9YFDCyBZdaeHwV38Ff1mIu9DXtT2u/QKOmoKQshDK44HRK5AVvr4NTp2sX4Gp5bdoD55bt8lD+TcVuAgfI/fKNBTiQQMdsZo9TGstFrtOtLnQH7pj30bDRRPc7x7mPzpy+vik0hwKdEaP3tNZK+Lf3rA3d7TH3C8zstkhgFW/Ca/lIhJ7kQHT+4hdW7Jbepnz18HisHl7z7xWI/QWuRL45cNg6GDSlOZZ8/OY9xeA9f264/tO5CX801TqYQb81mZAULndfQ3Z37XWlxx7yyrxf/YwOrD+Cbc5IJNcY7eZw/hHUsqAjPxE10EJ92/hRdGw7g6RIH7gU49jaEMDgYimfvShYdB3diPEWFcgqiw9whX33/hMQwPw7zOURfTR8Sodc0LLqbWUeJReBdTai4PnJZ7855/xbY4H4Q3D7ojqljQZu17drGgDamnhF8soMseHRZi9jPKHvY8wpIbkbJHFF3A8WfgA71DYws4Q72ZeIY/LUIFHHoyGr2CLkV5z1OlqPPeyJeiaIx8WHJrIFhUwxQT4iJbVGM5IvFprcQhlTok2tNiUeQJggQJEiRIkCBBgsLUf9rInmQGnczWAAAAJXRFWHRkYXRlOmNyZWF0ZQAyMDIyLTA3LTI1VDAwOjQyOjAwKzAwOjAwcrvKVwAAACV0RVh0ZGF0ZTptb2RpZnkAMjAyMi0wNy0yNVQwMDo0MjowMCswMDowMAPmcusAAAAASUVORK5CYII=', '안상수.PNG', '24f87545d1d04614be8583864774a89f.PNG', '/profile', 'F', '$2a$10$RVQxLVyzmRJjk1gZcH.M1udH61IMN9O.Ts2.IPYSm364odCGg18RK', 5000000);
INSERT INTO C##ASAP.TBL_EMPLOYEE (EMP_CODE, EMP_NAME, EMP_BIRTH, DEPT_CODE, EMP_PHONE, EMP_EMAIL, EMP_ADDRESS, EMP_JOINDATE, EMP_LEAVEDATE, EMP_LEAVE_YN, JOB_CODE, ANNUAL_LEFT_DAY, SIGN_IMG, PROFILE_NAME, PROFILE_RENAME, PROFILE_PATH, EMP_GENDER, EMP_PWD, SALARY_BASE)
  VALUES (2013122121, '공병지', '1998-10-17', 'D5', '01027279539', 'ntrendlek@w3.org', '경기도 포천시', TO_DATE('2013-12-21', 'YYYY-MM-DD HH24:MI:SS'), null, 'N', 'J1', 15, null, '공병지.PNG', '27f72d3f588247d5a37a7fed7acebf66.PNG', '/profile', 'M', '$2a$10$RVQxLVyzmRJjk1gZcH.M1udH61IMN9O.Ts2.IPYSm364odCGg18RK', 2200000);
INSERT INTO C##ASAP.TBL_EMPLOYEE (EMP_CODE, EMP_NAME, EMP_BIRTH, DEPT_CODE, EMP_PHONE, EMP_EMAIL, EMP_ADDRESS, EMP_JOINDATE, EMP_LEAVEDATE, EMP_LEAVE_YN, JOB_CODE, ANNUAL_LEFT_DAY, SIGN_IMG, PROFILE_NAME, PROFILE_RENAME, PROFILE_PATH, EMP_GENDER, EMP_PWD, SALARY_BASE)
  VALUES (2012122622, '심지현', '1998-10-09', 'D5', '01046073216', 'jdupoyl@usatoday.com', '경기도 화성시', TO_DATE('2012-12-26', 'YYYY-MM-DD HH24:MI:SS'), null, 'N', 'J2', 15, null, '심지현.PNG', 'c51cc497b5b247248b9f3661812593c2.PNG', '/profile', 'F', '$2a$10$RVQxLVyzmRJjk1gZcH.M1udH61IMN9O.Ts2.IPYSm364odCGg18RK', 2800000);
INSERT INTO C##ASAP.TBL_EMPLOYEE (EMP_CODE, EMP_NAME, EMP_BIRTH, DEPT_CODE, EMP_PHONE, EMP_EMAIL, EMP_ADDRESS, EMP_JOINDATE, EMP_LEAVEDATE, EMP_LEAVE_YN, JOB_CODE, ANNUAL_LEFT_DAY, SIGN_IMG, PROFILE_NAME, PROFILE_RENAME, PROFILE_PATH, EMP_GENDER, EMP_PWD, SALARY_BASE)
  VALUES (2016080123, '유유미', '1980-10-25', 'D5', '01048971184', 'tsantim@google.de', '경기도 과천시', TO_DATE('2016-08-01', 'YYYY-MM-DD HH24:MI:SS'), null, 'N', 'J3', 15, null, '유유미.PNG', 'a8cb7bcb58a44cac9e41ca0a11cdd6e0.PNG', '/profile', 'M', '$2a$10$RVQxLVyzmRJjk1gZcH.M1udH61IMN9O.Ts2.IPYSm364odCGg18RK', 3000000);
INSERT INTO C##ASAP.TBL_EMPLOYEE (EMP_CODE, EMP_NAME, EMP_BIRTH, DEPT_CODE, EMP_PHONE, EMP_EMAIL, EMP_ADDRESS, EMP_JOINDATE, EMP_LEAVEDATE, EMP_LEAVE_YN, JOB_CODE, ANNUAL_LEFT_DAY, SIGN_IMG, PROFILE_NAME, PROFILE_RENAME, PROFILE_PATH, EMP_GENDER, EMP_PWD, SALARY_BASE)
  VALUES (2014091424, '문서현', '1968-02-11', 'D5', '01025720072', 'ndomangen@craigslist.org', '경기도 광명시', TO_DATE('2014-09-14', 'YYYY-MM-DD HH24:MI:SS'), null, 'N', 'J4', 15, 'data:image/png;base64,iVBORw0KGgoAAAANSUhEUgAAAGQAAABkCAMAAABHPGVmAAAABGdBTUEAALGPC/xhBQAAACBjSFJNAAB6JgAAgIQAAPoAAACA6AAAdTAAAOpgAAA6mAAAF3CculE8AAAClFBMVEUAAAD/AAD/AAD/AAD/AAD/AAD/AAD/AAD/AAD/AAD/AAD/AAD/AAD/AAD/AAD/AAD/AAD/AAD/AAD/AAD/AAD/AAD/AAD/AAD/AAD/AAD/AAD/AAD/AAD/AAD/AAD/AAD/AAD/AAD/AAD/AAD/AAD/AAD/AAD/AAD/AAD/AAD/AAD/AAD/AAD/AAD/AAD/AAD/AAD/AAD/AAD/AAD/AAD/AAD/AAD/AAD/AAD/AAD/AAD/AAD/AAD/AAD/AAD/AAD/AAD/AAD/AAD/AAD/AAD/AAD/AAD/AAD/AAD/AAD/AAD/AAD/AAD/AAD/AAD/AAD/AAD/AAD/AAD/AAD/AAD/AAD/AAD/AAD/AAD/AAD/AAD/AAD/AAD/AAD/AAD/AAD/AAD/AAD/AAD/AAD/AAD/AAD/AAD/AAD/AAD/AAD/AAD/AAD/AAD/AAD/AAD/AAD/AAD/AAD/AAD/AAD/AAD/AAD/AAD/AAD/AAD/AAD/AAD/AAD/AAD/AAD/AAD/AAD/AAD/AAD/AAD/AAD/AAD/AAD/AAD/AAD/AAD/AAD/AAD/AAD/AAD/AAD/AAD/AAD/AAD/AAD/AAD/AAD/AAD/AAD/AAD/AAD/AAD/AAD/AAD/AAD/AAD/AAD/AAD/AAD/AAD/AAD/AAD/AAD/AAD/AAD/AAD/AAD/AAD/AAD/AAD/AAD/AAD/AAD/AAD/AAD/AAD/AAD/AAD/AAD/AAD/AAD/AAD/AAD/AAD/AAD/AAD/AAD/AAD/AAD/AAD/AAD/AAD/AAD/AAD/AAD/AAD/AAD/AAD/AAD/AAD/AAD/AAD/AAD/AAD/AAD/AAD/AAD/AAD/AAD/AAD/AAD/AAD/AAD/AAD/AAD/AAD/AAD/AAD///9nrn2DAAAA2nRSTlMAAAQXNFJqfIQYBQYsqdfy/tiqbC0OUen74r2ZfWti6lAIT7v4/NWPTSEJASmh9fq/YBoZXr6iKlbPXw/ZVwp78ZIe9AsNjuNCP9Y5IGNlZjNaS0NVgAwczO0rQcdorVmk9lOgEsCRH2G6J3N1djrJ79NwMcsQA29tmkrnfwf93Rsd0njGykevnTwoI9tFJNqNApCzwTeFTuHIFjs2i3JxZxHmSX68LzCl0dDUldzeo+6BsYxuud/ogvColkglOLeDw4amFcX5mOVGm/MTVDIuwqeTlIfkJno+QDQV31oAAAABYktHRNuZBBYUAAAACXBIWXMAAAsTAAALEwEAmpwYAAAAB3RJTUUH5gcZACk6EbLQYwAABalJREFUaN7tmPtXE1cQxzNJjIElG4IkBJSYKItCJEtERIIkoDwKVUolooBVIlKMVkRpUpGKEa3PKo+Kr1ZarEpFba2VWunDPq3Wtra21Hr/mt7dTUhi0XOymx/8Yb/n5GTPnt372Tt37szckUhEiRIlSpQoUaJEPV8CkMrkUxRTlcqpiinymFiA6BOIOIWKVMcjVvFqTcK0RCKqHACtLiEJ6ZNTps9INRhSZ0xPSdajmQlGbfQwYJo1O41KnzM3I9PMDgrmzIy5c9KptNlGU3QoAPOyLHS2db45bDww5yzIpS0L86IxGZAu0qB8W8H/xwIosOWjxYVSwRSwO4osxUsm/1yAJcVLixwlAilQWkaX24injgKErZwuKxVEAXsZRb7wLKsDVFRSZXYBFJA69OSLy5ZXTeil6vDhgNC9vKJS7+C/LgCF6vIacFIoqJXcaFC7ip0faFfX1TeUqwt5+xjkaSw2AGf8GgWnV9b6IQDrGksCkDiwujR5PCFgykLFOHQ4Ue56TsamAGRDc9p65uM5CPEqauK3KwGMrvwWkExiLoCNNMrdAFgsBFryXUZeBgOtm8LGksCmza9NaEsrC5FtbdumrwLT9uL21xkI2Ci3lhdER+d6ALzGN1JDtMNai8fcgTp2qvNzNnWiN7diiAQ82bSRBwQIVTyeCOxyc3bq6uL+d/sA9nTXtUob0V5P076db7EQsCIVETkFEpPS5+PXvfs32jYaDFVZB1Lxn2G50w6wFx2MhUN1uw+bCgqYNcFP+9KTEnlAUtEc1n/MOUtwFjzytvqofxA41lPXivPkdNTbxy084wr9SBExBKQqai67yLXvVM4D8B1fPODfh3CCmYgE5J0zBwIQCZykVBFve4ghT2Vw2+10WyJemzOr/PkEvJvJdxmv6ytb/V4QkpFMyiKGyNUpmX5I2tntg4Pv49/g4OYPhrChjhGcI/sgCLGnqKsjhkxBHf7otCZkL6Jzm8Lz4wQEOpAuQgiAAs3gILEf2hZMyOYM33MQu6LQw0HO45WPjALgiOwdwN7oiBiiRIaIXgEDUj6fEAdKDbwD3tadBazhzQUe7xOFkXbIC7zNNbHwu4Y8vuNtFdohHBm1CRdamP3dJ7s4HNPHXJV8lH2E78KHuLCz+9K2pV09I5evyOp93UnYhUG75XKRutIxBMJcOGQzrrvao8Fa/PEnC68pL2EI9H1KJV0/cC7+M6nQzRhDJnNhxS7LuHF99Kz8zKpRdJCFZHx+c7/XW1HeOQ8EhpVAgMRXX7hct7ou7IE4WxwLGXCNmgBiD+hrIDRAjkVeF2Fv6ecWpT5Js7+9Ed0A3ZdfsZDDnVdxyv06/Vo7CAv1gaSFL75x3bbjhPut/Ts0xiw8EB1o5HvlavRDZhCCk1YcDwihQlY2a/340521P9+9dQ+27KsaYb3L98s1hNqylgWqFd7pVwJGppBgLCG/3Xb/clUsSEt+ZV0Yf8Dwb87fTUxS0Z6+Wc8WEnf4FBKBkgi8wwOyRHmMmd16K3tj8J0HrbWBYCA9dK8UP2SlRvmVRFxxB6XNd8OtDSXum+3hd5blu2bxq4bB1MSUqTj9PngC8sf9sH0HRDHfMpUpuEmXFWdG+s+Hf/l15YQMoOQ4pQre+TsHF9wk34IbG2xR0XhNbTN9hw6IOvUPhrhD7ujv5jWMCzg64Bj/SE/+e7HhcVCtdsYVQu8MHCVpAYcgJnD1UpqGZx/nHpPCjnPMwbSXHrfuesbB1DpO9wo7mDJzeVRkedjy9CO2peiRsHmwAzHNghGrZ/JmwQjSLBLeLGDbHk0WunmStoctm7ZkRaXtIWEbOO40qrL/ZGgD52R/OpXmnhWlBg47Ga1RxbaiOs4zrajzHdFvRbEYol4xVhlsqpGqaXHRbar5OVJZtU7hUCodCl21TBp9gihRokSJEiVKlCiB+g9828G5ZlbfvgAAACV0RVh0ZGF0ZTpjcmVhdGUAMjAyMi0wNy0yNVQwMDo0MTo1OCswMDowMOKDMVcAAAAldEVYdGRhdGU6bW9kaWZ5ADIwMjItMDctMjVUMDA6NDE6NTgrMDA6MDCT3onrAAAAAElFTkSuQmCC', '문서현.PNG', 'e12c6009544948688e36b632f816b5e7.PNG', '/profile', 'F', '$2a$10$RVQxLVyzmRJjk1gZcH.M1udH61IMN9O.Ts2.IPYSm364odCGg18RK', 3500000);
INSERT INTO C##ASAP.TBL_EMPLOYEE (EMP_CODE, EMP_NAME, EMP_BIRTH, DEPT_CODE, EMP_PHONE, EMP_EMAIL, EMP_ADDRESS, EMP_JOINDATE, EMP_LEAVEDATE, EMP_LEAVE_YN, JOB_CODE, ANNUAL_LEFT_DAY, SIGN_IMG, PROFILE_NAME, PROFILE_RENAME, PROFILE_PATH, EMP_GENDER, EMP_PWD, SALARY_BASE)
  VALUES (2008052425, '하효남', '1973-07-02', 'D5', '01031269928', 'rblazewiczo@google.nl', '경기도 동두천시', TO_DATE('2008-05-24', 'YYYY-MM-DD HH24:MI:SS'), null, 'N', 'J5', 15, 'data:image/png;base64,iVBORw0KGgoAAAANSUhEUgAAAGQAAABkCAMAAABHPGVmAAAABGdBTUEAALGPC/xhBQAAACBjSFJNAAB6JgAAgIQAAPoAAACA6AAAdTAAAOpgAAA6mAAAF3CculE8AAACi1BMVEUAAAD/AAD/AAD/AAD/AAD/AAD/AAD/AAD/AAD/AAD/AAD/AAD/AAD/AAD/AAD/AAD/AAD/AAD/AAD/AAD/AAD/AAD/AAD/AAD/AAD/AAD/AAD/AAD/AAD/AAD/AAD/AAD/AAD/AAD/AAD/AAD/AAD/AAD/AAD/AAD/AAD/AAD/AAD/AAD/AAD/AAD/AAD/AAD/AAD/AAD/AAD/AAD/AAD/AAD/AAD/AAD/AAD/AAD/AAD/AAD/AAD/AAD/AAD/AAD/AAD/AAD/AAD/AAD/AAD/AAD/AAD/AAD/AAD/AAD/AAD/AAD/AAD/AAD/AAD/AAD/AAD/AAD/AAD/AAD/AAD/AAD/AAD/AAD/AAD/AAD/AAD/AAD/AAD/AAD/AAD/AAD/AAD/AAD/AAD/AAD/AAD/AAD/AAD/AAD/AAD/AAD/AAD/AAD/AAD/AAD/AAD/AAD/AAD/AAD/AAD/AAD/AAD/AAD/AAD/AAD/AAD/AAD/AAD/AAD/AAD/AAD/AAD/AAD/AAD/AAD/AAD/AAD/AAD/AAD/AAD/AAD/AAD/AAD/AAD/AAD/AAD/AAD/AAD/AAD/AAD/AAD/AAD/AAD/AAD/AAD/AAD/AAD/AAD/AAD/AAD/AAD/AAD/AAD/AAD/AAD/AAD/AAD/AAD/AAD/AAD/AAD/AAD/AAD/AAD/AAD/AAD/AAD/AAD/AAD/AAD/AAD/AAD/AAD/AAD/AAD/AAD/AAD/AAD/AAD/AAD/AAD/AAD/AAD/AAD/AAD/AAD/AAD/AAD/AAD/AAD/AAD/AAD/AAD/AAD/AAD/AAD/AAD/AAD/AAD/AAD/AAD/AAD/AAD/AAD/AAD/AAD/AAD/AAD/AAD/AAD/AAD///8/iYIpAAAA13RSTlMAAAQXNFJqfIQYBQYsqdfy/tiqbC0OUen74r2ZfWti6lAIT7v4/NWPTSEJASmh9fq/YBoZXr6iKlbPXw/ZVwp78ZIe9AsNjuNDO1kMWIunINod4NwuONHzVS+Niprulk5J7+zrf/Y3r7O15ryytpGgH1RnAufT+XQDuqPbgxOVZssQROFCY/ekJOTWFnE8tyJlsBym/cYb5SvUFZuFXZCHhgfDcDWe38m5pUd6eUbw6DN+ETIwI3bM7ciBsYzd3j9aPaiCZCclMcdB0G860sJuTMGTlEBFwHdF8bAAAAABYktHRNgADUeuAAAACXBIWXMAAAsTAAALEwEAmpwYAAAAB3RJTUUH5gcZACk4/7yxTwAABdJJREFUaN7tmPlXE1cUx7mJxJDJqpksKBAwE0kCmQRLgSgkIAGstgqCC4bGRIPFpSChSlq1UhUFa11bEVuU2lqUKqi01trF2lqX7tZ2/p2+mUwIFPScTPKDP8z3l5wz5+R+3nt3effdlBRevHjx4sWLFy9ez5cABMIZqaKZYvFMUeqMNAlA8gmYVCSTK5QUI6VCNWu2GksqBwDXzNJSOn36nLkZmZkZc+ek63VU1iwDnjwMZOfMMxKm+blmi5UxClaLOXe+iTDOM2QnhwKQl28j7Y4C6yR7YF3wQiFpe7EoGZsBQbGKKnEunGoLYKGzhFpUKkiYAmUut628YvrlAlSUL3a7KhOkgKeKrHZiT7UCmLOarPIkRIGyKkJeM+02UNpIkJcAauREVVkCFBC4dPIlAJ6Xii3IDCxdVjpuDiwvv2KmP8ISuc7F3S8ApYpqtA9Yrl8hpO3V1q0soH9xdX29umHV6jXS+vq1aVBTrSjlHGNQpLI5wdC4zqtoenVdo28csj7L7w8EdEr/Br9fsRHAEVQVcYRAdj5VjkE5qiKkDtWSqnFI86bXWjbT5WXxlq3bnKjkvE61cstKAEOwpA2gXpO7vb19e65GHYEghSShGm3HnMY3duwUSDqR99tKggZOBwZ4mECrRLCGN02m/GZkvLbuLfUu8W762x7qbYDmDXu7gFmPkwjjnCAasrCLtveO3rh3r3HffhqiOtBtXI8+Wg8qNQCHenoPR4pZl500cIAAJlMyGylrId/F8Z26FguCrDiy7b2jNPmYruTYsuOUNxK7yPeUDIufAmqtifFymx4tF9JUdScYnyz1MEdYcNJ96lT3+82sJ+ADk1bNAZJBzactgNB0ug+5v+NMfzS66Ew8q//wowMZcruZhcAAJYobAgIZkcs41XqO2lJaWkidt0ajSzKI9X9MXUC57s/6RDCI0XcA+AhZ3GkPafJ9kVWCsLVbqQx+ehhYiGBXejh8UffZUNjubioMz7vEVAOzXi6MGzJDkW5hj6Ly8vDnV1A9ZyGSk1cDgayRDYFAQKsNBJpW1dKQsnTFaNyQVMr7//RiIdbaoryJOiRh6qSX0sQJARBRc6dAKlM1FnjaH64hz8dHAXDF9x9A0eiKGyKmMuP6C2RS4ucT4qIypvgk1NUVmvwNrPj1TuB8XFHHQ2fRDfbOhbSWrf3Mt5Bw7VgazYPKS/YvIpD4HR8LYfCk6/tYSEX0+v3yjFvR67qOUge/+ZU0Aok/hGPJCPgtfz0LQXlyIq8vFPqa0N7etFn5jQBiEE7JmCbXm6dCFuV8+92Niosjlzs7v6/uyJsA4VRWxgskgqhjkDtX3T+MBoeyUXXZpKuZAPERd+Pvi1C0DDClHr/V/eOx9vb2nwro4zLn+iT3OlZKAX42Nd0fh3Ar9bFLC38Qefh0P2QdD5iXenRefJM6aYlB0KUl5QDBZJSDvgSx0gu/0Mo4Af0H83czFs82UZQ/fzlEIVyv3xQwRBqJ0FG1lNHasfsNDdJBmoKNbV9zI5teAn5rBAU4aiR2cGkkoi0ReIbcbgUrt990CKCz/telEI2PI1fQpQ8OYohbS8Q2d/iDU/bjtyPapui4B1AZHrk/+dW1vCSYw60bhuxWuk2N5UkKXP9NS0N+Xz0p7wAr59qm0g23POhAENsff/oY5d6pG6EhfxGyx3+z2nNuAWq45VwbbnRgxe6eGg8bwhFtZo6L3EFGpTtd9LAngacDqsDDOvl+UVXjuKo29iPHjz18ElPzP3IygUcQXfYaCdX+Z60S4EmCzzm60DeSPY7BZzxMHT1kY2IPU3ovw27b47anP7Ft7uHE9sEYoocFjxxd0w8LHlGq4sSHBczYo9VG/jvN2MNpJ235SRl7pDADnLCR6B3wTRzg+AZMhDGck6QBDrMZ3CBjRlHea/Qo6po3+aMoBoP1ie72xoZqctlsaXKHaixHIBzViFxisUukGRUKkk/gxYsXL168ePHilaD+A6jiqZJwVyATAAAAJXRFWHRkYXRlOmNyZWF0ZQAyMDIyLTA3LTI1VDAwOjQxOjU2KzAwOjAwsrxKCgAAACV0RVh0ZGF0ZTptb2RpZnkAMjAyMi0wNy0yNVQwMDo0MTo1NiswMDowMMPh8rYAAAAASUVORK5CYII=', '하효남.PNG', '96f2e3c531d84a999600ca17a02e0ead.PNG', '/profile', 'F', '$2a$10$RVQxLVyzmRJjk1gZcH.M1udH61IMN9O.Ts2.IPYSm364odCGg18RK', 5000000);
INSERT INTO C##ASAP.TBL_EMPLOYEE (EMP_CODE, EMP_NAME, EMP_BIRTH, DEPT_CODE, EMP_PHONE, EMP_EMAIL, EMP_ADDRESS, EMP_JOINDATE, EMP_LEAVEDATE, EMP_LEAVE_YN, JOB_CODE, ANNUAL_LEFT_DAY, SIGN_IMG, PROFILE_NAME, PROFILE_RENAME, PROFILE_PATH, EMP_GENDER, EMP_PWD, SALARY_BASE)
  VALUES (2020031726, '유수호', '1969-06-14', 'D1', '01048268226', 'enevettp@hp.com', '경기도 성남시', TO_DATE('2020-03-17', 'YYYY-MM-DD HH24:MI:SS'), null, 'N', 'J6', 15, 'data:image/png;base64,iVBORw0KGgoAAAANSUhEUgAAAGQAAABkCAMAAABHPGVmAAAABGdBTUEAALGPC/xhBQAAACBjSFJNAAB6JgAAgIQAAPoAAACA6AAAdTAAAOpgAAA6mAAAF3CculE8AAACcFBMVEUAAAD/AAD/AAD/AAD/AAD/AAD/AAD/AAD/AAD/AAD/AAD/AAD/AAD/AAD/AAD/AAD/AAD/AAD/AAD/AAD/AAD/AAD/AAD/AAD/AAD/AAD/AAD/AAD/AAD/AAD/AAD/AAD/AAD/AAD/AAD/AAD/AAD/AAD/AAD/AAD/AAD/AAD/AAD/AAD/AAD/AAD/AAD/AAD/AAD/AAD/AAD/AAD/AAD/AAD/AAD/AAD/AAD/AAD/AAD/AAD/AAD/AAD/AAD/AAD/AAD/AAD/AAD/AAD/AAD/AAD/AAD/AAD/AAD/AAD/AAD/AAD/AAD/AAD/AAD/AAD/AAD/AAD/AAD/AAD/AAD/AAD/AAD/AAD/AAD/AAD/AAD/AAD/AAD/AAD/AAD/AAD/AAD/AAD/AAD/AAD/AAD/AAD/AAD/AAD/AAD/AAD/AAD/AAD/AAD/AAD/AAD/AAD/AAD/AAD/AAD/AAD/AAD/AAD/AAD/AAD/AAD/AAD/AAD/AAD/AAD/AAD/AAD/AAD/AAD/AAD/AAD/AAD/AAD/AAD/AAD/AAD/AAD/AAD/AAD/AAD/AAD/AAD/AAD/AAD/AAD/AAD/AAD/AAD/AAD/AAD/AAD/AAD/AAD/AAD/AAD/AAD/AAD/AAD/AAD/AAD/AAD/AAD/AAD/AAD/AAD/AAD/AAD/AAD/AAD/AAD/AAD/AAD/AAD/AAD/AAD/AAD/AAD/AAD/AAD/AAD/AAD/AAD/AAD/AAD/AAD/AAD/AAD/AAD/AAD/AAD/AAD/AAD/AAD/AAD/AAD/AAD/AAD/AAD/AAD/AAD/AAD/AAD/AAD/AAD/AAD/AAD/AAD///9yz5f3AAAAznRSTlMAAAQXNFJqfIQYBQYsqdfy/tiqbC0OUen74r2ZfWti6lAIT7v4/NWPTSEJASmh9fq/YBoZXr6iKlbPXw/ZVwp78ZIe9AsNjuNDAzsVqK16IgwUHLP97c6chquNsbgC9svrLihB0LdpB5GgHxDMElyYh7qJpC8mtPB3pbnu0zhy3zPBFm2sfiSbOSc3NjowG7LUkJSwl07hppWaHZZvRvduMqe2ESNISVTbZ0dKdtb5ga/mjDGT7+g/56PcJezN3YMgVcgrPOTC89pE5UBFwL7/B4EAAAABYktHRM+D3sJpAAAACXBIWXMAAAsTAAALEwEAmpwYAAAAB3RJTUUH5gcZACk3bwOs3gAABbFJREFUaN7tmP9fU1UYx3m2MTcu9+6LbAwQNnR3ApNdpikwkA3k2+SLYvgFaFOUAvlSUlqIlaigxsDEIlmlaSSUBlmamZVZRmXW+Zu6525jl0Jfr3u3H/zhfn65X7Zz3vec5zznec6TkCBJkiRJkiRJkiTp2RKATK5IVK5QqVYoExXqJID4E4hkJUlptIiTVqPTr0wh4soBMBj1qciUlp6xKjMrK3NVRnqaCZn1FkP8MJC9eo2Vtq3Nyc2zc52CPS83Z62Ntq6xZMeHArAu38EUONfbl/QH9g3PbWQcmwrjMRiQFelQsavk/30BlLiKUelmWcwUKHN7HOUVy38uQEX5Fo+7MkYKVFUzNS7iib0A4aphqqtiokBZNU3VssMA8MqWHQ1ALUVXl8VAAZnbRG0FVnXK+obGbUswsL0JPwNspUxu8XYB2Kyp4cax4/lmz07tLkWUAqDeXaAIUWprNJtFrzEo1Dlc3FztQS2KwtbmtsVpASh8QYtKc3wcxenXFYqEQHY+Ksc2h5K9+9oBmnaZ90OEcaADvZjhN7/UiX8nutBBcV4JYPEXd+Om0NNrTgbo6923DsK2ermGeUXeuXKf/1APpnQX+y2iJgwM/bSLawnwKnrt8JE99OuVocftjZ43BioBfDmlzUcr8MJw0f0GURAjs7En/OXdg83HzM1vvhVmvm06XuTlrDF0AtWzZOgpYCwiIECQWld4CgBOnhpuGzkdegRoP3M2crujK5FbGk5EEsIpkJJqW882970zGggEFENnxxRD7E3gMGE/EhhTBMJSnA2Ms8aHc7bUFBGQTLQWf2Pnu9YtPPnPr/cOL32jq8BDmUBKwRCQkXQOnvakFQ16Uj9M6vVkSwupb7nQ5xto0LMiG94j8bXl/Tr8v0maFOz2oKY+yOVs6/P6DKqLyXafeir4od3rxW9Y+Zo+amu34zsv5/e5aZRcMEShSc+LuF6KGX0McOmyyRjtBkY96BPeNlOWrhkSDElEwUgXUDI1eAXg3NXhXB6kL/hpO38vCyKjQAiAEq1a7AKIMuxx2dl8r+Ze8hqMsJYXRgFwC2sD7Gp0C4aoUJagJpCFVM8mxI0y+VNuN0x7l+li8b246eIbHsfaoxu3RZeST354XM0FrMqjBZ+FIMINz1vCoL42M3Nt9nPPF9dnZm6cxj0bvjzv0cy5p9ntxNC7MzkEEb6Eec4Is/M0PW/VauetJhqN4D3zKzq17ebX2m/YBGYRIsoZ1VRayPXgVtftjDScy3+7qXzqBgvJPX7nutf7Xc3ddTyIqG0lvEGGDJSomRs4dcIUsiyM+gdZt0y6aarlQSbpeuF5EbtaJiIxy/c9bWRDlXkvFylh/917bMj/wXbs1iJE3FYfCVohyNXmIgDFjz9NcxAiiDr2qHrRxbwohA1aySIgBImckSDrnL//c+NedCh8PDl35hhrofwHEIGIDb8JYIkmEmUD92nt3a66iJGI8dlfruDtEgy/3nnIJRLzYhIJXkqEx6K4r0n0hR+87WPbIzjZb5eq2AE56UFxKVEoubOXNLHqCyxcnu3Bd9M+qOy/c2vpqetBsX+1uGwYsg+i8iRid+kcK53DdI+79suh8vc/lvgdEOVi01SccFN+J7H7TwrLdn4OX0rXsJATNHn7QlhThzawCTclNuFmJ6zIs/Coqm6J+vB0MfNMRKa/Cg8sxHB0YE3caNKN/bc9eMcPPI5q9G+KieEQhNduK6179LSvBHgc43EOH0xbmQVn51MOps4FpjW2gykeS6PHcbv7yUdsh6cxtnFwHeFiQYezZ/liQQfSFcVeLODKHgcdzD/LlD1cBYwjPy5ljwSugNNvpecmJvkFnMkJG23tXx2nAg43GIOF5EpRwRFcihoJxr8UxWGIh8r6uWhRjSJXJse3qBbmyORDRqVbpXIrjUNyWfwJkiRJkiRJkiRJkmLUv3prcxB9rHQ2AAAAJXRFWHRkYXRlOmNyZWF0ZQAyMDIyLTA3LTI1VDAwOjQxOjU1KzAwOjAwg1RQlwAAACV0RVh0ZGF0ZTptb2RpZnkAMjAyMi0wNy0yNVQwMDo0MTo1NSswMDowMPIJ6CsAAAAASUVORK5CYII=', '유수호.PNG', 'f9ae1dca334f483d8d7563990b14cbf2.PNG', '/profile', 'F', '$2a$10$RVQxLVyzmRJjk1gZcH.M1udH61IMN9O.Ts2.IPYSm364odCGg18RK', 2200000);
INSERT INTO C##ASAP.TBL_EMPLOYEE (EMP_CODE, EMP_NAME, EMP_BIRTH, DEPT_CODE, EMP_PHONE, EMP_EMAIL, EMP_ADDRESS, EMP_JOINDATE, EMP_LEAVEDATE, EMP_LEAVE_YN, JOB_CODE, ANNUAL_LEFT_DAY, SIGN_IMG, PROFILE_NAME, PROFILE_RENAME, PROFILE_PATH, EMP_GENDER, EMP_PWD, SALARY_BASE)
  VALUES (2008022227, '심도하', '1987-09-23', 'D2', '01095713303', 'jgennrichq@foxnews.com', '경기도 안성시', TO_DATE('2008-02-22', 'YYYY-MM-DD HH24:MI:SS'), null, 'N', 'J6', 15, 'data:image/png;base64,iVBORw0KGgoAAAANSUhEUgAAAGQAAABkCAMAAABHPGVmAAAABGdBTUEAALGPC/xhBQAAACBjSFJNAAB6JgAAgIQAAPoAAACA6AAAdTAAAOpgAAA6mAAAF3CculE8AAACkVBMVEUAAAD/AAD/AAD/AAD/AAD/AAD/AAD/AAD/AAD/AAD/AAD/AAD/AAD/AAD/AAD/AAD/AAD/AAD/AAD/AAD/AAD/AAD/AAD/AAD/AAD/AAD/AAD/AAD/AAD/AAD/AAD/AAD/AAD/AAD/AAD/AAD/AAD/AAD/AAD/AAD/AAD/AAD/AAD/AAD/AAD/AAD/AAD/AAD/AAD/AAD/AAD/AAD/AAD/AAD/AAD/AAD/AAD/AAD/AAD/AAD/AAD/AAD/AAD/AAD/AAD/AAD/AAD/AAD/AAD/AAD/AAD/AAD/AAD/AAD/AAD/AAD/AAD/AAD/AAD/AAD/AAD/AAD/AAD/AAD/AAD/AAD/AAD/AAD/AAD/AAD/AAD/AAD/AAD/AAD/AAD/AAD/AAD/AAD/AAD/AAD/AAD/AAD/AAD/AAD/AAD/AAD/AAD/AAD/AAD/AAD/AAD/AAD/AAD/AAD/AAD/AAD/AAD/AAD/AAD/AAD/AAD/AAD/AAD/AAD/AAD/AAD/AAD/AAD/AAD/AAD/AAD/AAD/AAD/AAD/AAD/AAD/AAD/AAD/AAD/AAD/AAD/AAD/AAD/AAD/AAD/AAD/AAD/AAD/AAD/AAD/AAD/AAD/AAD/AAD/AAD/AAD/AAD/AAD/AAD/AAD/AAD/AAD/AAD/AAD/AAD/AAD/AAD/AAD/AAD/AAD/AAD/AAD/AAD/AAD/AAD/AAD/AAD/AAD/AAD/AAD/AAD/AAD/AAD/AAD/AAD/AAD/AAD/AAD/AAD/AAD/AAD/AAD/AAD/AAD/AAD/AAD/AAD/AAD/AAD/AAD/AAD/AAD/AAD/AAD/AAD/AAD/AAD/AAD/AAD/AAD/AAD/AAD/AAD/AAD/AAD/AAD/AAD/AAD///+1Joy7AAAA2XRSTlMAAAQXNFJqfIQYBQYsqdfy/tiqbC0OUen74r2ZfWti6lAIT7v4/NWPTSEJASmh9fq/YBoZXr6iKlbPXw/ZVwp78ZIe9AsNjuNDOygCDJMbddpLEdInRd1AH979hvZTyNY3EIHtmoiJi0mRoETh+Xqjzi8U5iS6iqzG6DO0hdTRbxUigLDDs9t0HC4jpzYWq9zEMmSQx80Hrsk6TvA4HYO5pfMxMD+m7OvurZt+A3dz4HbMY6+2sYzfR+dCqME1JiXvVPdK0MBaXSDkVSsTEjxG08JZlJWH5UGNFa6+PAAAAAFiS0dE2u4DJoIAAAAJcEhZcwAACxMAAAsTAQCanBgAAAAHdElNRQfmBxkAKgD8k1oSAAAFvklEQVRo3u2Y6VtTRxSHOQnEhEsSogkEZAmYG0wCuYRUgaAk7NAgUtSKmLJI7OJC3VILLVZbxaVVq1StKCqgNWpsa2ltXdqq1RZqV7vo/DeduVlpxae5yQc/3F+eJ/uc986cM+eeOXFxvHjx4sWLFy9evJ4uAQiE8QmiGWLxDFFCvCQRIPYEKkkklcmTEatkuWLmLCUVUw6AKmVmKlKnpc/OyMzKysyYnZ6mRtkzNarYYSAnd46W1uXN1RuMrFEwGvRz83S0do4mJzYUgPwCE1NoLjJOsQdGyzPzGNP84lhMBgQlClRqLfuvLYAyaylasFAQNQXKbXZTReXjLxegsqLKbquOkgI1tUydlZrWClDWOqa2JioKlNfSsvrgNPBWSZzqGfxVvYyuLY+CAgKbWtYAAOXPOogZaFw0v+lf9gAaZGobd78ALJTX4XmAYHHzc2Q60LIkdSlGLtPkBqUphvo6+ULOMQbFCpMVM4xZdvT8cmzGD2ld0ca0JfuFVgKYnYpijhDIKUAVOHXAC9nydrqjE7/zQbpWdVe5Vr/o00sv45TzClrDbVcCaJylrdjy2nXreySvog0b/ZA42KTbvCXcJrSWOjWcFgxUbposVmdH22sGEG5Fr+eHIL19ZS1+GfAXYKXdKk6QFGZeF3a6C7lwHoSmN9CbQUh/m2KbX/1vkYjoKmQ0HCBASZPJRECZsZ2YgR1v66HsnZ164v9dAwMDzQuam/HLit3sr2YkpSKngDJVV0TGO7Zbiogs+LFnrxI7GBybJBLhvrx339svkUjY7Q5NulQlB0gmymP3RuOBFSEdfF/vNwWHutHhoFmAQSSKGAICKT2XvUbVB0h2ZINP27SbcQgnHsWi9hz78LjvHck0MERLI972IJGt0/sg7SdOGhpZVQ/39y4Fwal0N9bpne3kxT3njJBA9GkyYcSQeHm6wQ8ZKdk4ymrs7ACGJJ478RGr8+yzZ9swgZSny/sihiQgFwSWyzTiV1UyXi7jcHF+uLYksvHlQikRQgBEKMMHMaw8diGki0UwzYBL2PORUQBs/jEADm+4jNNBMpEtYogYZUU0BLKQ+OmE2FDm/xgDRlWLFzgvV8Dx5EPL5Y8bSQSVLd7tSyIO4cYxCbkjQ/WZwn0+SOSODwthowN2pDVbjA4jVH5ykE1nqk/77fIOWwtOY6or3Uk+SOQhHLYZPxs/8LlzZNfWcTMMsxBwrKJTvxjfnHxVACEIp80okaX50spVbdWIxzNSpV0dgOi/7P3K6z1bdy0/DMIprQQT5HD86HWr9fpo/DALEVDQ6Tydg9PkuLo+DDJE34i8LsLRMuhzijfh5vnswhQvYMjA1wXzLd9cO5gE8K3OMxqEcEv1oZsWlNzyXDh2y3ObQBSH72i/c7jQ3ZXiK+icIQTBN60kDhBKisyk1qq55/ze6/3hTmENmUmf66IFmi56ELpVMAEBCNfbbxxoSCERBxOT/ZsA9nes8/nEi1ceqLHbPx7KIZegau+9D6SQWM+lkAiWRD9tOH8SF7zdR34ORJd37/HGwD4V/PJrDf6TmT7NrSQKFHeL6SWXL/9G74YApNrdOzr11DVR6szlVg1Dzhq2TFWJsxFKPVUTgvw+MmXfAVXBtUwlBbfMaSZFvfLBAyVxRQByk5Yu+sOvP/+y4IJbxrXgJtFrn1wbWgbYo9BZ2OVi1jMBqf8ufjgZxdEBu7hHrWgIHbSOnuykiOPHHi4PqXOZjIniEETS3iNasfZJVwmwPMrjHDmYPmImzUefcDA1TzKPojuYkrn02E2LWqc/YpvsPdHNgzVEmgV3zV2PbxbcRYqS6JsFbNtjjYm595i2h7WQMRXEpO0RxzZw3Fq6Y3AovIEzNKijte7cGDVw2MmoNFK2FeW6RFpRl1yxb0WxGOq+6EZHqKkmk85Kim1Tzc8RCPtSRDax2CZK6RMKYk/gxYsXL168ePHiFaX+AfEGvTkbcnQgAAAAJXRFWHRkYXRlOmNyZWF0ZQAyMDIyLTA3LTI1VDAwOjQxOjU5KzAwOjAwRPQ64wAAACV0RVh0ZGF0ZTptb2RpZnkAMjAyMi0wNy0yNVQwMDo0MTo1OSswMDowMDWpgl8AAAAASUVORK5CYII=', '심도하.PNG', 'd8d43d7bf71b404dab52877aa995fa51.PNG', '/profile', 'M', '$2a$10$RVQxLVyzmRJjk1gZcH.M1udH61IMN9O.Ts2.IPYSm364odCGg18RK', 2800000);
INSERT INTO C##ASAP.TBL_EMPLOYEE (EMP_CODE, EMP_NAME, EMP_BIRTH, DEPT_CODE, EMP_PHONE, EMP_EMAIL, EMP_ADDRESS, EMP_JOINDATE, EMP_LEAVEDATE, EMP_LEAVE_YN, JOB_CODE, ANNUAL_LEFT_DAY, SIGN_IMG, PROFILE_NAME, PROFILE_RENAME, PROFILE_PATH, EMP_GENDER, EMP_PWD, SALARY_BASE)
  VALUES (2022010128, '봉태윤', '1985-05-12', 'D3', '01055777369', 'srexworthyr@wired.com', '경기도 안양시', TO_DATE('2022-01-01', 'YYYY-MM-DD HH24:MI:SS'), null, 'N', 'J6', 15, 'data:image/png;base64,iVBORw0KGgoAAAANSUhEUgAAAGQAAABkCAMAAABHPGVmAAAABGdBTUEAALGPC/xhBQAAACBjSFJNAAB6JgAAgIQAAPoAAACA6AAAdTAAAOpgAAA6mAAAF3CculE8AAACoFBMVEUAAAD/AAD/AAD/AAD/AAD/AAD/AAD/AAD/AAD/AAD/AAD/AAD/AAD/AAD/AAD/AAD/AAD/AAD/AAD/AAD/AAD/AAD/AAD/AAD/AAD/AAD/AAD/AAD/AAD/AAD/AAD/AAD/AAD/AAD/AAD/AAD/AAD/AAD/AAD/AAD/AAD/AAD/AAD/AAD/AAD/AAD/AAD/AAD/AAD/AAD/AAD/AAD/AAD/AAD/AAD/AAD/AAD/AAD/AAD/AAD/AAD/AAD/AAD/AAD/AAD/AAD/AAD/AAD/AAD/AAD/AAD/AAD/AAD/AAD/AAD/AAD/AAD/AAD/AAD/AAD/AAD/AAD/AAD/AAD/AAD/AAD/AAD/AAD/AAD/AAD/AAD/AAD/AAD/AAD/AAD/AAD/AAD/AAD/AAD/AAD/AAD/AAD/AAD/AAD/AAD/AAD/AAD/AAD/AAD/AAD/AAD/AAD/AAD/AAD/AAD/AAD/AAD/AAD/AAD/AAD/AAD/AAD/AAD/AAD/AAD/AAD/AAD/AAD/AAD/AAD/AAD/AAD/AAD/AAD/AAD/AAD/AAD/AAD/AAD/AAD/AAD/AAD/AAD/AAD/AAD/AAD/AAD/AAD/AAD/AAD/AAD/AAD/AAD/AAD/AAD/AAD/AAD/AAD/AAD/AAD/AAD/AAD/AAD/AAD/AAD/AAD/AAD/AAD/AAD/AAD/AAD/AAD/AAD/AAD/AAD/AAD/AAD/AAD/AAD/AAD/AAD/AAD/AAD/AAD/AAD/AAD/AAD/AAD/AAD/AAD/AAD/AAD/AAD/AAD/AAD/AAD/AAD/AAD/AAD/AAD/AAD/AAD/AAD/AAD/AAD/AAD/AAD/AAD/AAD/AAD/AAD/AAD/AAD/AAD/AAD/AAD/AAD/AAD/AAD/AAD/AAD/AAD/AAD///9P4yaDAAAA3nRSTlMAAAQXNFJqfIQYBQYsqdfy/tiqbC0OUen74r2ZfWti6lAIT7v4/NWPTSEJASmh9fq/YBoZXr6iKlbPXw/ZVwp78ZIe9AsNjuNCPzkmd0sDN3k8B10QMWRp1kNV/d/QgBIUEc7sdUDh7yfD0tHUWOsodva1OpPM+dzaWZGgH/Pd7QLlKxW6s7a4wMi3W1yVIiD34NPNo8Le24q8waQuOyODG5+QYYx/gU4cFstMWkozmqemrX4kRWXELzClsJTkE7Gv5pboR+fK8LmosiXuNR2Gx5uHVDIMRoiJi0F6Po0IteTbAAAAAWJLR0TfnmnSDQAAAAlwSFlzAAALEwAACxMBAJqcGAAAAAd0SU1FB+YHGQApO2a14PUAAAYCSURBVGje7Zj/X1NVGMf3bDI27jYYMtgm4KbcKRvsMsyQrxvIF1EbOUfx1cASM0ldfFnkBKYrQBNK/IJfMiUTvxCoaGm5Mk3FMivLMs37t3TuHRvbK+T12t1+6If7+YHtdV47z5tznvM85zkPh8OKFStWrFixYsXq/yUALm9OBD9SIIjkR8wRRgGEn4CJ+GJJdAxJKyZaGjs3DgsrB0AWH5tAyhXKeYlJyclJifOUCjk5P1YlCx8G1AsWpuCaRYtTtTraKOi0qYsXafCUhSp1eCgAael6IsOQqQuwB7olLywl9C9mhWMxwF0mJbNzcv9rCyA3J5vMy+eGTIECo0lfWDTzvwtQVLjcZCwOkQIlpURZDvZcK4DllBGlJSFRoKAUl6yYbdcByjV4aUEIFOAa5ZKVq1a/ZPZIV/HymmlzYIlYa4XKV16tkhuZ+wUgP7qsGmpq62I9EteT61Dgv9ZAy9K4/vU0iCTf2FAWnc/4jEGWVJ8DUIMvb5rSRgry5qa3Njc3N1e9XbJ+y1YE2QYGmzSLIQTU6WQhSh015DstHlW00pA2vN0ulb7b4YNg75HbmUUlgMqW7QAOWsmOzk57Xp69095FQbornfadDbt2qRu9EHBk21SMNgxkLhxtFgfWvP9BT0+vHu/b3bN79x404FDYV+VarRiCrP1wLwWBHNwlYwSJJ5ZaAXQNRf39/QPlzo/2ONAXh9AMjo8JzebN+/Jlg0RX7Q4E4YA1g1AxgAAmjkELAWy/og5JQdQ6qc+mA0IEkR88dKhzT8mgftBppyFgIMVY8BSIS9BkoulRQ71KpdJ1uPcI+qNUZhxtQNvVeYwnFGrRdn1y/FMKwoETmoQ4BpAkchHlEcDUarW2vFDZezJeZlGrLToEyRNShn2Op07JMMkPGgJcMb54ahbAZwk2e55pucBCjYCjqevU5+tOzy0a9EE4MIKLgw57EEqaUr2QM1KnSni25ZypxQM5SN/Bkqw2P0iqQsILGjInWqn1QtK2nGsAiDoac562Vzwy2tHRMfpFpv9KCpTRY0FDIshxb3hBwQW8x7jtov7cGX8z/j5BWzpOxgcJAeCTiT4IDMxzthNdl8YCohqw8/m5cMwg8kAmkOeDowAY/edA1OUVV0TaWYwAOo3GoCECMjmoKZBMCv6fECOZ5JsDYK0pbf0yc4aKRSdrNAPj7fJzPAd4YiJFX/uVaGoEunlXrwm7qUgv/jrjOFPHBx5hWE1+U15xPSbdE9Mg29Zsiq4yNqKsI2vrEjE9woHBaL5EoJKl373vW9pe92k84bsb38ec4sI0hFEwCiUKX1qBm6SxRNuhX1rsySB1t34wm8vLbqf5QRillYAEubIu5c6mu3dH6Q2ECtukGmWZG/JqP8gIfi/4ugidluFpp6zc3yz9cWTKJVtv29ER+Elzv9IHYZbqfZeWjjeAVHT554qtD6hvZ8yAjZP1vwjayIvaaQi6tEQMIJiYNKDr13Ihwel0K9xut7OszOm8/asQ4MRv90lyY/oAeCFMr18OqOhCIuqh0jU5eL9v0uXKm9/rOpzegGxi136v+UNNXZyyvls76UKinUkh4S2JANNqi0+SQ2rLgzu20Sjq+jUfa3nk9RZ3zZ8l6EcGfJJZSeQp7kA7cbMo0Y5yjPXivmrPpeW6VRn46hrIti1gVg2DejtVpsr6NsZxz6K4g+KGbg/kwI6xwIulkGmZShXcEpsBQYiTfz0eQnr8eOjvyF0IdgQXt16f0t6HS1DBLWFacKMNW2ZyVz/qJdoJr/CmVQji8huRO7OeuEN4OqCk9VQu+efqkw3TaikAMF/zH6m4IiFCeARRae8ZLn0y+3NugyS05xz1MH1GuA2WWR6mBjfxLLSHKbWWpyZ9q+P5T2y96Wlo66ANUc2CeoN15mZBPSldFnqzgG57bNcTvTO0PXIyCH16WNoeHLqB40rBq4ZH/Bs4I8MaPMW1IEwNHHoxMpWYbkWNT1CtqInx8LeiaAy2k3+varqpJhHPFYW3qTbF4fLG4vlGgcDIjx/jccNPYMWKFStWrFixYhWi/gUomczKHtG3tQAAACV0RVh0ZGF0ZTpjcmVhdGUAMjAyMi0wNy0yNVQwMDo0MTo1OSswMDowMET0OuMAAAAldEVYdGRhdGU6bW9kaWZ5ADIwMjItMDctMjVUMDA6NDE6NTkrMDA6MDA1qYJfAAAAAElFTkSuQmCC', '봉태윤.PNG', 'de811078ee3045c88f6191d44469bc95.PNG', '/profile', 'M', '$2a$10$RVQxLVyzmRJjk1gZcH.M1udH61IMN9O.Ts2.IPYSm364odCGg18RK', 3000000);
INSERT INTO C##ASAP.TBL_EMPLOYEE (EMP_CODE, EMP_NAME, EMP_BIRTH, DEPT_CODE, EMP_PHONE, EMP_EMAIL, EMP_ADDRESS, EMP_JOINDATE, EMP_LEAVEDATE, EMP_LEAVE_YN, JOB_CODE, ANNUAL_LEFT_DAY, SIGN_IMG, PROFILE_NAME, PROFILE_RENAME, PROFILE_PATH, EMP_GENDER, EMP_PWD, SALARY_BASE)
  VALUES (2002011829, '봉준오', '1972-06-19', 'D4', '01035914498', 'lacklandss@bloglines.com', '경기도 김포시', TO_DATE('2002-01-18', 'YYYY-MM-DD HH24:MI:SS'), null, 'N', 'J6', 15, 'data:image/png;base64,iVBORw0KGgoAAAANSUhEUgAAAGQAAABkCAMAAABHPGVmAAAABGdBTUEAALGPC/xhBQAAACBjSFJNAAB6JgAAgIQAAPoAAACA6AAAdTAAAOpgAAA6mAAAF3CculE8AAACqVBMVEUAAAD/AAD/AAD/AAD/AAD/AAD/AAD/AAD/AAD/AAD/AAD/AAD/AAD/AAD/AAD/AAD/AAD/AAD/AAD/AAD/AAD/AAD/AAD/AAD/AAD/AAD/AAD/AAD/AAD/AAD/AAD/AAD/AAD/AAD/AAD/AAD/AAD/AAD/AAD/AAD/AAD/AAD/AAD/AAD/AAD/AAD/AAD/AAD/AAD/AAD/AAD/AAD/AAD/AAD/AAD/AAD/AAD/AAD/AAD/AAD/AAD/AAD/AAD/AAD/AAD/AAD/AAD/AAD/AAD/AAD/AAD/AAD/AAD/AAD/AAD/AAD/AAD/AAD/AAD/AAD/AAD/AAD/AAD/AAD/AAD/AAD/AAD/AAD/AAD/AAD/AAD/AAD/AAD/AAD/AAD/AAD/AAD/AAD/AAD/AAD/AAD/AAD/AAD/AAD/AAD/AAD/AAD/AAD/AAD/AAD/AAD/AAD/AAD/AAD/AAD/AAD/AAD/AAD/AAD/AAD/AAD/AAD/AAD/AAD/AAD/AAD/AAD/AAD/AAD/AAD/AAD/AAD/AAD/AAD/AAD/AAD/AAD/AAD/AAD/AAD/AAD/AAD/AAD/AAD/AAD/AAD/AAD/AAD/AAD/AAD/AAD/AAD/AAD/AAD/AAD/AAD/AAD/AAD/AAD/AAD/AAD/AAD/AAD/AAD/AAD/AAD/AAD/AAD/AAD/AAD/AAD/AAD/AAD/AAD/AAD/AAD/AAD/AAD/AAD/AAD/AAD/AAD/AAD/AAD/AAD/AAD/AAD/AAD/AAD/AAD/AAD/AAD/AAD/AAD/AAD/AAD/AAD/AAD/AAD/AAD/AAD/AAD/AAD/AAD/AAD/AAD/AAD/AAD/AAD/AAD/AAD/AAD/AAD/AAD/AAD/AAD/AAD/AAD/AAD/AAD/AAD/AAD/AAD/AAD/AAD/AAD///8cx4LtAAAA4XRSTlMAAAQXNFJqfIQYBQYsqdfy/tiqbC0OUen74r2ZfWti6lAIT7v4/NWPTSEJASmh9fq/YBoZXr6iKlbPXw/ZVwp78ZIe9AsNjuNCQTkmd0sDN3k8ZWYrQ1X939CAO/Nz4e9niM3gmG1k9rU6k0aW3eferVuRoB/c7U7L+cwuILe6s7a4wMgzxkwQBzaGFCI/5fcySl1ER0hFXKPCsoq8waRhh4mLx3oRG58d0ZDJ6BwW63ByaJqndqZ+JAJTLzClI9TWWYKBsa/mjLkxE9Pk8Kis0igl7qvDmxVUDEASnNqUlY30TLdWAAAAAWJLR0TixgGeHAAAAAlwSFlzAAALEwAACxMBAJqcGAAAAAd0SU1FB+YHGQApO2a14PUAAAXgSURBVGje7Zj7X1NlHMf5bjo3zi4M2RhTYFPOhA12mJeAiWzIzVsjTZiUYma10PDGcNwLJCGBaYmWkZcMTQlTJDXKal0sNbTMylIrn/+k55zDxijl1c72Qz+cz+t1dp5zds73fZ7b9/k+36goXrx48eLFixcvXv8vAQiEU6aKponF00RTp0iiASJPIKQimVwRgxjFKJSx0+OIiHIAVOrYeKRJ0M6YmZiUlDhzhjZBg5JjdarIYUA/a3YKaZiTmmY0MUbBZExLnWMgU2br9JGhAKRnmKlMy1zTBHtgmjd/AWV+LCsSlQFBthLlWBf+2xbAQmsOyl0kCJsCeTa7OX/xwz8XYHF+gd1WGCYFioqpEivxSCtAWEuo4qKwKJBXTMqXTNbqAEvlZHFeGBQQ2DTyZctXPO5gZSp9YiU2B0LLqoCeXL1MrrFx7xeARYqSMih3rollJatAT9GQp9fi+ehEyIkPtA7KShSLOI8xyFKarQDlZEHlmNazEKE16ZkNzzrRxueeT3ohDsDiUmZxhIA+A+Vj11GOXqxiVbqJhYBq80vVmi1bqeRt2/H0AWIHquE2KwF0rhw3ROGarK2urs3Nra2u3UlDADx19VSDrbEpqVnh3LoCu0p3jkvHqcFA1ULixoqClS+/0traZiZ3Nbc2N2+nIe2vZuzuoP/qfG1PA34GwEq2qDhB1NQCbMnUtbi7u7upx7t3uxsX3BKHad/rb6Tu7z2A1XvwwJueHiNARyal4wABQhZDfyTxVsIarATK6aXPlYeEgrcR6cSiKPqXRBvd+DELkhGhUyAu3jAXt0h0X5tWq215p+0w/tFqM490mY72HXu3r+9463s7+rCO95/Aj500xMdxgCSiOXSzA6HX6409+dq299WqTr2+0wSmuU140J06vb43YBZgAIlChoBARqaC38LReFdtrr1A3EnfgbxtuY0AJz8YXDJuFjykLORpDxJ5ZZofckbp1Uk+rKqzVzGQwkNr23E3uLMcQZC0BLkwZMgUhdboh6SfresCiD4Ss3sMQhWfGxo6h4+hoXXnu9jqaRXtIUOmomH/9IK8j8hW24WL5rozLOQwClKylLkJw0gdIgRAhGYGINA0w1tP7dzWztwBQa91fkDW7A4Wcgn3fGgUAFvwOxD98ZKDUuMkRgCPRlvIEDFKCukVSELi/yfEhhL/wztgUp1wAOfmCup4fDnS7flEGg2BS+GnlyUj9NJS+Fnm51w7fsIQxs4ysdqJ4jd0sDdAdeELu8Jno32WqmEn5yE8cTLClwWVe/pznF8xQSSMfE3Gf3Pl25jvBDAO4TQZJfKEgFsxXt2rBrhWUnuKsZe2ZrDX4egp2ZIeBOHkVoId5PXvR9MAe5MbjYy9UtdVPfYyVzRlQRAPeTP0uAiPloGxTgHiB80qB5Sd/VHC2Lu1pVYK8JPh9rUAhJur9y9abJ9sTr7xc03J3umsWyGGUcUecQO6aByH4EVLygFCyJDFX5URzy+3b5w+Pxb2wMlfbyO0PqMJ/BCuy28U6OhAYqwMd/pqlgcN6cu/le/T0wunatfganzqyKznEkgEQiL24pa3fre/7Gis+t1fFqzcXETHEeRVbiERG9yZFnZhXU9f4Lt7jy6dGIHClsFrE3ddTTmuWdyiYdDXoPxo4n6uD8tQ6aVPPmWLkF1+J3RfPtcwlQ645S4Lcf8POS2fjznlzsaQw6Rs059j+uvYPBxwy7kG3LjBsu2j+4vuTNA9urmoesovjTdr6WgYWwfcxf0aZdU/3wfH5aV3x1V6UE6FsQmi3d4DUrl/8u3c3TC3c/TG9AE1aumcZGNqGaUehLcxpevSbzdvcj96i22294dXD8YQnSyosHQ8PFlQgZTZ4ScLmLRHjZlqe0jaw5pJmTMikvaIYhI4LSmkb8ATnMDxDBjIlJZZEUrgMJVR6WRMKmr4Ep2KujQc+VQUgyFWi276xpNqctl0aWSTamMcgbBdLbKJxTaRul0oiDyBFy9evHjx4sWLV5j6G1+jzNDmW61qAAAAJXRFWHRkYXRlOmNyZWF0ZQAyMDIyLTA3LTI1VDAwOjQxOjU4KzAwOjAw4oMxVwAAACV0RVh0ZGF0ZTptb2RpZnkAMjAyMi0wNy0yNVQwMDo0MTo1OCswMDowMJPeiesAAAAASUVORK5CYII=', '봉준오.PNG', '3530bfc9ce1941c8a2e5eb54459ea494.PNG', '/profile', 'M', '$2a$10$RVQxLVyzmRJjk1gZcH.M1udH61IMN9O.Ts2.IPYSm364odCGg18RK', 3500000);
INSERT INTO C##ASAP.TBL_EMPLOYEE (EMP_CODE, EMP_NAME, EMP_BIRTH, DEPT_CODE, EMP_PHONE, EMP_EMAIL, EMP_ADDRESS, EMP_JOINDATE, EMP_LEAVEDATE, EMP_LEAVE_YN, JOB_CODE, ANNUAL_LEFT_DAY, SIGN_IMG, PROFILE_NAME, PROFILE_RENAME, PROFILE_PATH, EMP_GENDER, EMP_PWD, SALARY_BASE)
  VALUES (2021062730, '김철수', '1990-12-03', 'D5', '01013683024', 'nstifet@reverbnation.com', '경기도 군포시', TO_DATE('2021-06-27', 'YYYY-MM-DD HH24:MI:SS'), null, 'N', 'J6', 15, 'data:image/png;base64,iVBORw0KGgoAAAANSUhEUgAAAGQAAABkCAMAAABHPGVmAAAABGdBTUEAALGPC/xhBQAAACBjSFJNAAB6JgAAgIQAAPoAAACA6AAAdTAAAOpgAAA6mAAAF3CculE8AAACo1BMVEUAAAD/AAD/AAD/AAD/AAD/AAD/AAD/AAD/AAD/AAD/AAD/AAD/AAD/AAD/AAD/AAD/AAD/AAD/AAD/AAD/AAD/AAD/AAD/AAD/AAD/AAD/AAD/AAD/AAD/AAD/AAD/AAD/AAD/AAD/AAD/AAD/AAD/AAD/AAD/AAD/AAD/AAD/AAD/AAD/AAD/AAD/AAD/AAD/AAD/AAD/AAD/AAD/AAD/AAD/AAD/AAD/AAD/AAD/AAD/AAD/AAD/AAD/AAD/AAD/AAD/AAD/AAD/AAD/AAD/AAD/AAD/AAD/AAD/AAD/AAD/AAD/AAD/AAD/AAD/AAD/AAD/AAD/AAD/AAD/AAD/AAD/AAD/AAD/AAD/AAD/AAD/AAD/AAD/AAD/AAD/AAD/AAD/AAD/AAD/AAD/AAD/AAD/AAD/AAD/AAD/AAD/AAD/AAD/AAD/AAD/AAD/AAD/AAD/AAD/AAD/AAD/AAD/AAD/AAD/AAD/AAD/AAD/AAD/AAD/AAD/AAD/AAD/AAD/AAD/AAD/AAD/AAD/AAD/AAD/AAD/AAD/AAD/AAD/AAD/AAD/AAD/AAD/AAD/AAD/AAD/AAD/AAD/AAD/AAD/AAD/AAD/AAD/AAD/AAD/AAD/AAD/AAD/AAD/AAD/AAD/AAD/AAD/AAD/AAD/AAD/AAD/AAD/AAD/AAD/AAD/AAD/AAD/AAD/AAD/AAD/AAD/AAD/AAD/AAD/AAD/AAD/AAD/AAD/AAD/AAD/AAD/AAD/AAD/AAD/AAD/AAD/AAD/AAD/AAD/AAD/AAD/AAD/AAD/AAD/AAD/AAD/AAD/AAD/AAD/AAD/AAD/AAD/AAD/AAD/AAD/AAD/AAD/AAD/AAD/AAD/AAD/AAD/AAD/AAD/AAD/AAD/AAD/AAD/AAD////yMKsNAAAA33RSTlMAAAQXNFJqfIQYBQYsqdfy/tiqbC0OUen74r2ZfWti6lAIT7v4/NWPTSEJASmh9fq/YBoZXr6iKlbPXw/ZVwp78ZIe9AsNjuPWQQIlMANITBwfHaWv5jlZQoHo5K3syxCstLfr/cWzzO0rcsrHxtIMN+Xw7owT9gc7eT4no99pkaAxca6Uup/gXC+y02HDOImwiG8iVRIVG6inpKaT3tzE55DN0EpjTuHI1LjzP9vC+YNkZREzmsG8h5ydJH4jRnbRsX/vR3i5Q5s6ySiGdCA8VDLdLouWineVRHpARY3AstC+bwAAAAFiS0dE4CgP/zAAAAAJcEhZcwAACxMAAAsTAQCanBgAAAAHdElNRQfmBxkAKTmIu4HZAAAFyUlEQVRo3u2Y7VtTZRjAuYeMl70jGwMBN+UMtskOcyowYxs42JisIKGUoZipSGKg6LCUgnSpYalpoWkmUaRhmi+YmVqpmVppb1Zq9vwrPedtwyv0amf74Ifz+7AxrnPO7zwv9/Pcz52QICAgICAgICAg8HgBIEqckCROTklJFidNSE0DiL9BIhXL5AololEqVOkTMyRx9QCoNemZSJuVPSknNy8vN2dSdpYWTU7XqeOnAf2UqfmEoaDQaDLTDwWzyVhYYCDyp+r08bEATCuykMXW6eYHngdm24yZpGVWSTwaA6JSFSqzz/7vswBm28vQE+WimC3gcLosFZXjvy5AZcUcl9MdowWqqkmPXfLQp4BkhoesrorJAo5qwlsTbgaYJUx4gG9uLf3+AP4nVUS1IwYLiJxa+VN19TSpZoCn5xW4AcxpaVUNjc/40vwAjoJZz3q1Tv7jAlCu8Mxf0BTAeDzNDjzPFi5qwZ+Ln1vy/NJly5eIcQC1rmir8SjKec8xKFFZ7PDCyvb29lUvomUdnKRz9ZouEim65qxVV65rXSEFa1BVwlMC+iJUIYHuDoxpvWJVWOIoyXipCy1/uWTDxp5XVmKJ5FXUyy8qAXTBsnr2VuhzhSV4Orw2WRHQbppr86LNlATqy4I6Xh0G6hBhh3EkUP86uWXrtjeW9hdqcvoWURKwEyE1L4mGnNkSnrxjJdstb74FsG5HcGcVNfBS3LaWYlLHQwISmdIeiZC6XW93A+xelV4F4C41gs9n1uvazD79nrx3sASsSCaJ3gIZmYbpQAXguwMUNhv+qO9rw5tId/Jein3v7cefGw/UUVcNGDIzeEhyUQHVEOhY3PN+D8fBD4x4djUfCnCs1k6WUlfBIBJHLQGRjCikFw51O/K2fsgwlN+4AW/DH32cx7I9d8tCKX3ZMCGLOuwhVf6JkZEcXtOpd9M46o40YYn706CLQ0E0MRJjljwxaskERbaJlYyUbuujqT36GS05dvzzvBMsJ7eeoi9zZCtORy1JQqPAdZdlhGWOkuou9xm08otslpnNTINhFGmilACIUQ4jMZ1t2BThy+kApnP9/Uc4DMe+YiTn8chHZwFwsvcA+PxjwQu+Wb1uDKf8zGW5yBm1JAXlRXUL5KGUx1PiRLn/4x7cdbF0Fzfw3O/UC5Gf4EvcVpvqoyLdPa/4At+Bj0xh1tEW6r/IZXeg/vqIS+F14gBhV2F+UzgSjEynzP9GqWzcnsYkqb4FROa3DY3KtSKISHgFY6o8y8i9uWhGgJx06fLIpSpmBelpuuL3H/UcmjZGwmtZ4RZIah1OVqz5zu0v79Ges+EuhM7gVT1AWoP2+zGSYWJv9HkRni2D9FIPtmvaLeU4xYLrN9BVaq/94dBB/DXX0NUXlvBb6iObFuQob1xndBea0T4TPg+NoqEfU1rRflNEgjctKQ+JRIasVOeA0bmbnWdw6qdO6l8D17oQulx0EzgJ3+03AXRUIgG+W0kaXRKLRqO5guccSGp/3vOLnvKpDze10YnEcT6JBJcSdYfYYyJ7XPx1APy/Xe8IT7xbF3FqAVbiKr+UiEnuRCd+34HZdfsa9bXjjz9ngzvU1PfgqetmWXAKv2wY9L1Umsr8PbBzGRdreGcceSDuQFLBN02lEm550Mq8INwaQSe54XefIWQHNrP8ddaGE24534Qbd1ipK3CH3YQX3K4MtyREHic5tKtLagIxHB0SwH9Xq1rPnq184ZXMX1tzL0Ln33IyhkMQtezdJ1R3HvWWAPfksR3nqIPpfTJg7X7EwdQaIO/HdjCl2nLXZTlQ//AjtsV1N7Z20A+iigVD1pbxiwVDSFUae7GALnv0Wsh/xil72ItJS1Fcyh4JdAEnlE94B4fHFnCGBw1EfmhKnAo4dGPUOhldiho9T5Wizo/GvxRFayRt4r3eSFFNLpsojW9RjfWIEk9rxM6UFKdYczpRFH+DgICAgICAgIBAjPwL0O7LGwbDTNwAAAAldEVYdGRhdGU6Y3JlYXRlADIwMjItMDctMjVUMDA6NDE6NTcrMDA6MDAUy0G+AAAAJXRFWHRkYXRlOm1vZGlmeQAyMDIyLTA3LTI1VDAwOjQxOjU3KzAwOjAwZZb5AgAAAABJRU5ErkJggg==', '김철수.PNG', '2c2e773d60e04aa3a26c92bf441893a8.PNG', '/profile', 'F', '$2a$10$RVQxLVyzmRJjk1gZcH.M1udH61IMN9O.Ts2.IPYSm364odCGg18RK', 5000000);
INSERT INTO C##ASAP.TBL_EMPLOYEE (EMP_CODE, EMP_NAME, EMP_BIRTH, DEPT_CODE, EMP_PHONE, EMP_EMAIL, EMP_ADDRESS, EMP_JOINDATE, EMP_LEAVEDATE, EMP_LEAVE_YN, JOB_CODE, ANNUAL_LEFT_DAY, SIGN_IMG, PROFILE_NAME, PROFILE_RENAME, PROFILE_PATH, EMP_GENDER, EMP_PWD, SALARY_BASE)
  VALUES (2000030331, '나이사', '1965-03-02', 'D2', '01024953945', 'iwjq@asap.com', '서울시 강남구', TO_DATE('2000-03-04', 'YYYY-MM-DD HH24:MI:SS'), null, 'N', 'J7', 15, 'data:image/png;base64,iVBORw0KGgoAAAANSUhEUgAAAGQAAABkCAMAAABHPGVmAAAABGdBTUEAALGPC/xhBQAAACBjSFJNAAB6JgAAgIQAAPoAAACA6AAAdTAAAOpgAAA6mAAAF3CculE8AAACfFBMVEUAAAD/AAD/AAD/AAD/AAD/AAD/AAD/AAD/AAD/AAD/AAD/AAD/AAD/AAD/AAD/AAD/AAD/AAD/AAD/AAD/AAD/AAD/AAD/AAD/AAD/AAD/AAD/AAD/AAD/AAD/AAD/AAD/AAD/AAD/AAD/AAD/AAD/AAD/AAD/AAD/AAD/AAD/AAD/AAD/AAD/AAD/AAD/AAD/AAD/AAD/AAD/AAD/AAD/AAD/AAD/AAD/AAD/AAD/AAD/AAD/AAD/AAD/AAD/AAD/AAD/AAD/AAD/AAD/AAD/AAD/AAD/AAD/AAD/AAD/AAD/AAD/AAD/AAD/AAD/AAD/AAD/AAD/AAD/AAD/AAD/AAD/AAD/AAD/AAD/AAD/AAD/AAD/AAD/AAD/AAD/AAD/AAD/AAD/AAD/AAD/AAD/AAD/AAD/AAD/AAD/AAD/AAD/AAD/AAD/AAD/AAD/AAD/AAD/AAD/AAD/AAD/AAD/AAD/AAD/AAD/AAD/AAD/AAD/AAD/AAD/AAD/AAD/AAD/AAD/AAD/AAD/AAD/AAD/AAD/AAD/AAD/AAD/AAD/AAD/AAD/AAD/AAD/AAD/AAD/AAD/AAD/AAD/AAD/AAD/AAD/AAD/AAD/AAD/AAD/AAD/AAD/AAD/AAD/AAD/AAD/AAD/AAD/AAD/AAD/AAD/AAD/AAD/AAD/AAD/AAD/AAD/AAD/AAD/AAD/AAD/AAD/AAD/AAD/AAD/AAD/AAD/AAD/AAD/AAD/AAD/AAD/AAD/AAD/AAD/AAD/AAD/AAD/AAD/AAD/AAD/AAD/AAD/AAD/AAD/AAD/AAD/AAD/AAD/AAD/AAD/AAD/AAD/AAD/AAD/AAD/AAD///91Rw9bAAAA0nRSTlMAAAQXNFJqfIQYBQYsqdfy/tiqbC0OUen74r2ZfWti6lAIT7v4/NWPTSEJASmh9fq/YBoZXr6iKlbPXw/ZVwp78ZIe9AsNjuNDP9Y7DFhaSxATHeDcJSjM7StBpMQmwejrFPbI7y5/96cRkaAf8OE2xm2624OKTPljSNo8trfnFnerGzADhjLlkMelTt3ucvPsPYGzuDUzB5p+dXQCLyMgdtSWsa/mjN9HnDe5qNPSMf1kStCmvJu0U1RVxbJxOkZhSRyewhKTlJWH5ER6OEBFjcCMH3DZAAAAAWJLR0TTl9+eJgAAAAlwSFlzAAALEwAACxMBAJqcGAAAAAd0SU1FB+YHGQApOYi7gdkAAAVKSURBVGje7Zj9X1NVHMf3HTDGLntCNsZjG+4O2GCXiQiMYBvbeFikYKJBKoEYEPjQKikoDJlKEmEkT0VRaU9oSVJW9mxlhWR0/qLuvdvdGCCvdu9+8If7+XHbOe+dc77f7/mcr0DAixcvXrx48eLF68ESgDAmNk4ULxbHi+JiEyQA0SdgiSKpTK5AtBRyZdK2ZCyqHACVOikFaVLT0jMys7IyM9LTUjXooSStKnoY0GVv1+OGnNw8o4meFEzGvNwcA67frtVFhwKQX2AmCi07TGHzgaloZzFh3lUSjcWAsFSJyqzlG+cCKLeWoYcrhJwpUGmzmx1Vm/9dgCqH025zcaSAu5qosWL3nQUwaw1R7eZEgcpqXFa71a4D1Hnw6koOFBDaNLJHggyof7Ri3XSAqXfv8Whs7M8FoEJeUwsNjYEpYO9j+3YA/YW7aX8jFW2gOvB4c0uNvIJ1jEGJ0mwF1xMHD4VDwGg53Ppkma0NgIIkgqVdWcISAroC5MBAdaTjaBgEJE91yg+mpSi6ugMQ7GnUwy4rAbTtZb2wAQLQcux4tkt34qTimQAEesvataw2DFRe3ArrIM8mPyfufh7Fk5/Dqb5iVwACVtyrYgVRE8UN5OaEQZQvdOpzk/AXqZOpSu0v8kME0FBIaFlAAJMqyIWsg/QPvPRyU5dCTUGaBj2nGQhYkBSLnALJKQY6lNadSb0bXkHp5FUCIjQkCUAEcMaQkswCkolywA85Ngw+UiYmuvb3m8+eS8w8bz8FQQiMIFHEEBBK8Vw68VSv4t6koaGhC80MBEZfQ/YxxdjrwiBEAKO4NOK0hwTZ8Tx6tNs7Pu50Os0X3wgmoylx4s1LjjohCEKQvFRZTMSQWHmakR7tyz8xSWnKHSwr1JU/bfKvk4FUpsmnIobEoZn16RWChD4KQmAGqSOEULGTsQHiilMb10Ekeyoa/JBZ8uQjowDYIhsDZDTaIoaIUVZEQyALiR9MiA1l/o8xYFJ1+4D1dm128OVvvU17BpiLeWc4YY5KGdeFwnfZHnx4CMP8PD1RVSAZVe+9b5d7bN3ALYRDyUj/cccHVMlgysrcBJ5y+cqHio/WlhVWyZggS81jIJOtFwfWQPI+bv3E56urGcwHjmWFKZBUwn2KUBd5h9MQIQYL7Vd1AJIrmtqwAnktcl9ERsuI/1CgruOzz51kWaeu38mCXUWHBveRV26TYew6x1IfvLRI0yJdtOzGL5VTEOUXnfobczNo6az4APrSCGsvrUQWEEyKLNT1CzfMJxvLv9LspFcyNXOzCM7cHEOoo2Ce8V2sr18BaP1Gov7rxSyAb/RHEugz8VG3CDb87a1zOr8DaG2mjUQfGyMRtES3+r4jrWL99+gHJrp8R3+sZwJPOPCTm/yRBb/KzhL5zV152uLPlMv6xenZe9sPcXlbr4e/uubL2rPZuWHQ9SCHpHLichvtf39Nb2Qgv42H5R1gDrY2lTLcsnYLSNpo+w6/G5ntch3GpXf+COjPv4pIwy1ja7jJiUvty3dD2wC3lYYieruIPoKR5nxJyzKHpwN5xCsa5ZpH0PTfCxh18MMt90Ja+EdGcHgEUWVvFVfe3fo5d0/G7TlHua5VYtkyvcXD1LJMrHJ7mFJrWbGb7/Te/4lttq9wWwc9EdUsWLI0bN4sWELKUu7NArrt0WMm/t2k7WEtJMwFUWl7COgGjlePe0ZG1zZwRkcMuN6bHaUGDr0YlVZKt6JmZqlW1OxM9FtRNAZrFl3zhJpqMum2xOg21QIcYcyUWmQTi20i9VSMMPoEXrx48eLFixcvXhz1Hy4PZq64KF+TAAAAJXRFWHRkYXRlOmNyZWF0ZQAyMDIyLTA3LTI1VDAwOjQxOjU3KzAwOjAwFMtBvgAAACV0RVh0ZGF0ZTptb2RpZnkAMjAyMi0wNy0yNVQwMDo0MTo1NyswMDowMGWW+QIAAAAASUVORK5CYII=', '나이사.PNG', '972dd7c5abd44e58ac86e83da9166bf5.PNG', '/profile', 'M', '$2a$10$RVQxLVyzmRJjk1gZcH.M1udH61IMN9O.Ts2.IPYSm364odCGg18RK', 7000000);
INSERT INTO C##ASAP.TBL_EMPLOYEE (EMP_CODE, EMP_NAME, EMP_BIRTH, DEPT_CODE, EMP_PHONE, EMP_EMAIL, EMP_ADDRESS, EMP_JOINDATE, EMP_LEAVEDATE, EMP_LEAVE_YN, JOB_CODE, ANNUAL_LEFT_DAY, SIGN_IMG, PROFILE_NAME, PROFILE_RENAME, PROFILE_PATH, EMP_GENDER, EMP_PWD, SALARY_BASE)
  VALUES (2000030332, '나대표', '1960-04-01', 'D2', '01087677789', 'ceo@asap.com', '서울시 강남구', TO_DATE('2000-03-03', 'YYYY-MM-DD HH24:MI:SS'), null, 'N', 'J8', 15, 'data:image/png;base64,iVBORw0KGgoAAAANSUhEUgAAAGQAAABkCAMAAABHPGVmAAAABGdBTUEAALGPC/xhBQAAACBjSFJNAAB6JgAAgIQAAPoAAACA6AAAdTAAAOpgAAA6mAAAF3CculE8AAACfFBMVEUAAAD/AAD/AAD/AAD/AAD/AAD/AAD/AAD/AAD/AAD/AAD/AAD/AAD/AAD/AAD/AAD/AAD/AAD/AAD/AAD/AAD/AAD/AAD/AAD/AAD/AAD/AAD/AAD/AAD/AAD/AAD/AAD/AAD/AAD/AAD/AAD/AAD/AAD/AAD/AAD/AAD/AAD/AAD/AAD/AAD/AAD/AAD/AAD/AAD/AAD/AAD/AAD/AAD/AAD/AAD/AAD/AAD/AAD/AAD/AAD/AAD/AAD/AAD/AAD/AAD/AAD/AAD/AAD/AAD/AAD/AAD/AAD/AAD/AAD/AAD/AAD/AAD/AAD/AAD/AAD/AAD/AAD/AAD/AAD/AAD/AAD/AAD/AAD/AAD/AAD/AAD/AAD/AAD/AAD/AAD/AAD/AAD/AAD/AAD/AAD/AAD/AAD/AAD/AAD/AAD/AAD/AAD/AAD/AAD/AAD/AAD/AAD/AAD/AAD/AAD/AAD/AAD/AAD/AAD/AAD/AAD/AAD/AAD/AAD/AAD/AAD/AAD/AAD/AAD/AAD/AAD/AAD/AAD/AAD/AAD/AAD/AAD/AAD/AAD/AAD/AAD/AAD/AAD/AAD/AAD/AAD/AAD/AAD/AAD/AAD/AAD/AAD/AAD/AAD/AAD/AAD/AAD/AAD/AAD/AAD/AAD/AAD/AAD/AAD/AAD/AAD/AAD/AAD/AAD/AAD/AAD/AAD/AAD/AAD/AAD/AAD/AAD/AAD/AAD/AAD/AAD/AAD/AAD/AAD/AAD/AAD/AAD/AAD/AAD/AAD/AAD/AAD/AAD/AAD/AAD/AAD/AAD/AAD/AAD/AAD/AAD/AAD/AAD/AAD/AAD/AAD/AAD/AAD/AAD/AAD/AAD///91Rw9bAAAA0nRSTlMAAAQXNFJqfIQYBQYsqdfy/tiqbC0OUen74r2ZfWti6lAIT7v4/NWPTSEJASmh9fq/YBoZXr6iKlbPXw/ZVwp78ZIe9AsNjuNDPzsMWBBdMWRp1hMd4NwSFAPrdUCkxCYnw9LR1M42dvbI7y7M+TeRoB8C5d0VFrrbgxHQWmP3Rxvn2jy2tyDfI4DwMJDHq6Urs64oTuHz7D2HNTMHL5pMfiVtbm/tVYGxr+aMZWhnwJvok7mo7kTJZoamS97kcSJ/sEYco5VUMjpCnMLBlEF6RY1n3oAiAAAAAWJLR0TTl9+eJgAAAAlwSFlzAAALEwAACxMBAJqcGAAAAAd0SU1FB+YHGQApOYi7gdkAAAVuSURBVGje7ZjpWxNXFIdzAsTAJBOCBBIUCMuEJZAhLoWEJSwJYCmlHdZYWzdEFKSC0rTQKooFLRSpAq1FKdaWVloXUOkmXWxtrW213r+odyZkA+RpJvngh/l9mpk897y595x77zlHJBIkSJAgQYIECRL0bAlAHBIaJlknla6ThIWGRwAEn0DIJHJSEYk4RSqUUeujiaByAFQxUbFIrYnbsDE+ISF+44Y4jRolRmlVwcNAUnJKKqVLS8/I1HNGQZ+ZkZ6mo1JTtEnBoQBkZRvoHOMmvY890G/espU2PJcbjMmAOE+JTOb8lbYA8s0mVFAoDpgCRZZiQ0np6n8XoLSkrNhiDZACtnK6wkw81QoQ5gq63BYQBYrKKbJyrVUH2KajyosCoIDYoiafdzOg6oVCL3NQ/WIYATUvvcyoLfz9AlCoqKiE6tolE1BX37AJb/zGJla19qztpmpYh17ZUaEo5B1jkKs0mMH66ms7fSC7du/Z29zcvK9lpxOyH4ytylyeEEjKRiUEqA4cbPOFtFOHGpTKvR1uCPE6OsxvVwJoW02dsBLSVXPkqKz7jW7Xcu0H6DS1anktGKgclBmWQd6MfkvaU6opCMdfICuxN/3tNBYCZsqh4gWJobdWg8gXonznWOrxPhck9oSGSsQQHGg5tJYHBAh5JJ7IMsjJ/lPvDtS5ZzK4W7OXg4ARyQn/KRAdq9vEmlrmkyobdLog2027Tp9hISLo08VG84DEozRwQt4bAjuW3ul4EYac7NPb7eB2PBslw0jiNwTEciodOP+/TzmiRkZGzo66IfVlH0SNnNty3gMRwRgl93vbQzg5nsGNtjkmJsrKygwffuSC1O1R4A+pF3Z5QzI0ZIjfkFBFXCY32p7V8jGrSZsLcvES+97Sl+UNKYpTTPoNCUNTy7fXEsT96gOBKRTjJwRAgjaugFjDYjK9IPmFnxDQZpQ5IdPY8/5RACz+jQEcjRa/IVKU4NcQSEDSZxNiQfH/YwzoVT124L1cqzje82tXyKWh8C52p1vP5pzm63ivEIbLn15x67MO7qTZ31ysYCw97PHZ/rmMbwh7NqMIZijk0RlsuOsLKvbLq7ORX4nBA+G1GcNJTYYTcvpr6bGCK9euXb+Bbl4PxZCMwbnjdvu2ihNZXhBex4rrgGSfhxQ5Rfj6m0cznL2O1ltJABFX1ZVekDHqtv95EY6WYc4pEFHVP7E7XJWvmkJGK84X4PyJBhnAZd2dGjeE31HvvrREsPANQyn2tbe3J6Kj+77FEGIK9X4nbUffZ3og+NKS8YAQcmTkbq0f7tY33B0cH6+/2zC4+CNn8eYdhA5mD4ALwvf6FYGWSyRw3NT99PMv936tC/3tfm5pPjc5Yuj3mT+SnBnA3CiXSBzik0i4UiL2qbQBhy4UUop+5w3T9qDKFRPi/ns2PCEjdYtfSuRM7vT5TbUD52aNPY1/Kg/UNDb1dIHVMVfjW3UNmFqT+WXDkHQYlUQQDwsY3WAsyTDMbIWOUTpCwPrXhM++A6KEb5rKJtxkq5F4eJIkGR2JxTAkWZCCIX9T8vl/lnT/wmaccJN8E268YHnFiwu2bh81sstFH6JdUh/JfbQYQOmAXfxYrXyw4ha2Dz3a4VHHvyQdQBHEhu8TSrmwdjm3gwysnGOzrif0ovHiGoWpcZF+Elhhys7lcbFhvvPpJbah+HFg8+AMsc2CXmP16s2CXqTMC7xZwLU9DhvoG6u0Pcw5tCE7KG0PEdfAcaRSzPCYdwNnbFhHpTqSg9TA4Saj0sq5VtTUNNuKmp4KfiuKwxCjktuMp6lGytfLgttUW+KIQyZjJBap1CKJmQwRB58gSJAgQYIECRIkKED9BzYFlJtBETNpAAAAJXRFWHRkYXRlOmNyZWF0ZQAyMDIyLTA3LTI1VDAwOjQxOjU3KzAwOjAwFMtBvgAAACV0RVh0ZGF0ZTptb2RpZnkAMjAyMi0wNy0yNVQwMDo0MTo1NyswMDowMGWW+QIAAAAASUVORK5CYII=', '나대표.PNG', 'f090c245e4084b55894c8262ec94fea0.PNG', '/profile', 'M', '$2a$10$RVQxLVyzmRJjk1gZcH.M1udH61IMN9O.Ts2.IPYSm364odCGg18RK', 10000000);

/* 권한 */
INSERT INTO TBL_PERMISSION(PERMISSION_CODE,PERMISSION_NAME)
    VALUES('ROLE_LOGISTIC_VIEW','물류조회');
INSERT INTO TBL_PERMISSION(PERMISSION_CODE,PERMISSION_NAME)
    VALUES('ROLE_LOGISTIC_MANAGE','물류관리');
INSERT INTO TBL_PERMISSION(PERMISSION_CODE,PERMISSION_NAME)
    VALUES('ROLE_SALES_VIEW','영업조회');
INSERT INTO TBL_PERMISSION(PERMISSION_CODE,PERMISSION_NAME)
    VALUES('ROLE_SALES_MANAGE','영업관리');
INSERT INTO TBL_PERMISSION(PERMISSION_CODE,PERMISSION_NAME)
    VALUES('ROLE_PRODUCT_VIEW','상품조회');
INSERT INTO TBL_PERMISSION(PERMISSION_CODE,PERMISSION_NAME)
    VALUES('ROLE_PRODUCT_MANAGE','상품관리');
INSERT INTO TBL_PERMISSION(PERMISSION_CODE,PERMISSION_NAME)
    VALUES('ROLE_HRM_VIEW','인사조회');
INSERT INTO TBL_PERMISSION(PERMISSION_CODE,PERMISSION_NAME)
    VALUES('ROLE_HRM_MANAGE','인사관리');
INSERT INTO TBL_PERMISSION(PERMISSION_CODE,PERMISSION_NAME)
    VALUES('ROLE_ACCOUNTING_VIEW','회계조회');
INSERT INTO TBL_PERMISSION(PERMISSION_CODE,PERMISSION_NAME)
    VALUES('ROLE_ACCOUNTING_MANAGE','회계관리');
INSERT INTO TBL_PERMISSION(PERMISSION_CODE,PERMISSION_NAME)
    VALUES('ROLE_NOTICE_VIEW','공지조회');
INSERT INTO TBL_PERMISSION(PERMISSION_CODE,PERMISSION_NAME)
    VALUES('ROLE_NOTICE_MANAGE','공지관리');
INSERT INTO TBL_PERMISSION(PERMISSION_CODE,PERMISSION_NAME)
    VALUES('ROLE_SCHEDULE_VIEW','일정조회');
INSERT INTO TBL_PERMISSION(PERMISSION_CODE,PERMISSION_NAME)
    VALUES('ROLE_SCHEDULE_MANAGE','일정관리');
INSERT INTO TBL_PERMISSION(PERMISSION_CODE,PERMISSION_NAME)
    VALUES('ROLE_DRAFT_MANAGE','기안서 관리');
    
/* 회원별 권한 */
INSERT INTO TBL_USER_PERMISSION(EMP_CODE,PERMISSION_CODE)
    VALUES(200305171,'ROLE_SALES_VIEW');
INSERT INTO TBL_USER_PERMISSION(EMP_CODE,PERMISSION_CODE)
    VALUES(201409212,'ROLE_SALES_VIEW');
INSERT INTO TBL_USER_PERMISSION(EMP_CODE,PERMISSION_CODE)
    VALUES(201611183,'ROLE_SALES_VIEW');
INSERT INTO TBL_USER_PERMISSION(EMP_CODE,PERMISSION_CODE)
    VALUES(201611183,'ROLE_SALES_MANAGE');
INSERT INTO TBL_USER_PERMISSION(EMP_CODE,PERMISSION_CODE)
    VALUES(201409034,'ROLE_SALES_VIEW');
INSERT INTO TBL_USER_PERMISSION(EMP_CODE,PERMISSION_CODE)
    VALUES(201409034,'ROLE_SALES_MANAGE');
INSERT INTO TBL_USER_PERMISSION(EMP_CODE,PERMISSION_CODE)
    VALUES(200608145,'ROLE_SALES_VIEW');
INSERT INTO TBL_USER_PERMISSION(EMP_CODE,PERMISSION_CODE)
    VALUES(200608145,'ROLE_SALES_MANAGE');
INSERT INTO TBL_USER_PERMISSION(EMP_CODE,PERMISSION_CODE)
    VALUES(202206036,'ROLE_ACCOUNTING_VIEW');
INSERT INTO TBL_USER_PERMISSION(EMP_CODE,PERMISSION_CODE)
    VALUES(201710087,'ROLE_ACCOUNTING_VIEW');
INSERT INTO TBL_USER_PERMISSION(EMP_CODE,PERMISSION_CODE)
    VALUES(200404018,'ROLE_ACCOUNTING_VIEW');
INSERT INTO TBL_USER_PERMISSION(EMP_CODE,PERMISSION_CODE)
    VALUES(200404018,'ROLE_ACCOUNTING_MANAGE');
INSERT INTO TBL_USER_PERMISSION(EMP_CODE,PERMISSION_CODE)
    VALUES(201408129,'ROLE_ACCOUNTING_VIEW');
INSERT INTO TBL_USER_PERMISSION(EMP_CODE,PERMISSION_CODE)
    VALUES(201408129,'ROLE_ACCOUNTING_MANAGE');
INSERT INTO TBL_USER_PERMISSION(EMP_CODE,PERMISSION_CODE)
    VALUES(2017090910,'ROLE_ACCOUNTING_VIEW');
INSERT INTO TBL_USER_PERMISSION(EMP_CODE,PERMISSION_CODE)
    VALUES(2017090910,'ROLE_ACCOUNTING_MANAGE');
INSERT INTO TBL_USER_PERMISSION(EMP_CODE,PERMISSION_CODE)
    VALUES(2004042611,'ROLE_HRM_VIEW');
INSERT INTO TBL_USER_PERMISSION(EMP_CODE,PERMISSION_CODE)
    VALUES(2020060812,'ROLE_HRM_VIEW');
INSERT INTO TBL_USER_PERMISSION(EMP_CODE,PERMISSION_CODE)
    VALUES(2006100513,'ROLE_HRM_VIEW');
INSERT INTO TBL_USER_PERMISSION(EMP_CODE,PERMISSION_CODE)
    VALUES(2006100513,'ROLE_HRM_MANAGE');
INSERT INTO TBL_USER_PERMISSION(EMP_CODE,PERMISSION_CODE)
    VALUES(2010071514,'ROLE_HRM_VIEW');
INSERT INTO TBL_USER_PERMISSION(EMP_CODE,PERMISSION_CODE)
    VALUES(2010071514,'ROLE_HRM_MANAGE');
INSERT INTO TBL_USER_PERMISSION(EMP_CODE,PERMISSION_CODE)
    VALUES(2019121415,'ROLE_HRM_VIEW');
INSERT INTO TBL_USER_PERMISSION(EMP_CODE,PERMISSION_CODE)
    VALUES(2019121415,'ROLE_HRM_MANAGE');
INSERT INTO TBL_USER_PERMISSION(EMP_CODE,PERMISSION_CODE)
    VALUES(2002080116,'ROLE_LOGISTIC_VIEW');
INSERT INTO TBL_USER_PERMISSION(EMP_CODE,PERMISSION_CODE)
    VALUES(2003112617,'ROLE_LOGISTIC_VIEW');
INSERT INTO TBL_USER_PERMISSION(EMP_CODE,PERMISSION_CODE)
    VALUES(2007052418,'ROLE_LOGISTIC_VIEW');
INSERT INTO TBL_USER_PERMISSION(EMP_CODE,PERMISSION_CODE)
    VALUES(2007052418,'ROLE_LOGISTIC_MANAGE');
INSERT INTO TBL_USER_PERMISSION(EMP_CODE,PERMISSION_CODE)
    VALUES(2012022119,'ROLE_LOGISTIC_VIEW');
INSERT INTO TBL_USER_PERMISSION(EMP_CODE,PERMISSION_CODE)
    VALUES(2012022119,'ROLE_LOGISTIC_MANAGE');
INSERT INTO TBL_USER_PERMISSION(EMP_CODE,PERMISSION_CODE)
    VALUES(2021062020,'ROLE_LOGISTIC_VIEW');
INSERT INTO TBL_USER_PERMISSION(EMP_CODE,PERMISSION_CODE)
    VALUES(2021062020,'ROLE_LOGISTIC_MANAGE');
INSERT INTO TBL_USER_PERMISSION(EMP_CODE,PERMISSION_CODE)
    VALUES(2013122121,'ROLE_SALES_VIEW');
INSERT INTO TBL_USER_PERMISSION(EMP_CODE,PERMISSION_CODE)
    VALUES(2012122622,'ROLE_SALES_VIEW');
INSERT INTO TBL_USER_PERMISSION(EMP_CODE,PERMISSION_CODE)
    VALUES(2016080123,'ROLE_SALES_MANAGE');
INSERT INTO TBL_USER_PERMISSION(EMP_CODE,PERMISSION_CODE)
    VALUES(2014091424,'ROLE_SALES_VIEW');
INSERT INTO TBL_USER_PERMISSION(EMP_CODE,PERMISSION_CODE)
    VALUES(2014091424,'ROLE_SALES_MANAGE');
INSERT INTO TBL_USER_PERMISSION(EMP_CODE,PERMISSION_CODE)
    VALUES(2008052425,'ROLE_SALES_VIEW');
INSERT INTO TBL_USER_PERMISSION(EMP_CODE,PERMISSION_CODE)
    VALUES(2008052425,'ROLE_SALES_MANAGE');
INSERT INTO TBL_USER_PERMISSION(EMP_CODE,PERMISSION_CODE)
    VALUES(2020031726,'ROLE_SALES_VIEW');
INSERT INTO TBL_USER_PERMISSION(EMP_CODE,PERMISSION_CODE)
    VALUES(2020031726,'ROLE_SALES_MANAGE');
INSERT INTO TBL_USER_PERMISSION(EMP_CODE,PERMISSION_CODE)
    VALUES(2008022227,'ROLE_ACCOUNTING_VIEW');
INSERT INTO TBL_USER_PERMISSION(EMP_CODE,PERMISSION_CODE)
    VALUES(2008022227,'ROLE_ACCOUNTING_MANAGE');
INSERT INTO TBL_USER_PERMISSION(EMP_CODE,PERMISSION_CODE)
    VALUES(2022010128,'ROLE_HRM_VIEW');
INSERT INTO TBL_USER_PERMISSION(EMP_CODE,PERMISSION_CODE)
    VALUES(2022010128,'ROLE_HRM_MANAGE');
INSERT INTO TBL_USER_PERMISSION(EMP_CODE,PERMISSION_CODE)
    VALUES(2002011829,'ROLE_LOGISTIC_VIEW');
INSERT INTO TBL_USER_PERMISSION(EMP_CODE,PERMISSION_CODE)
    VALUES(2002011829,'ROLE_LOGISTIC_MANAGE');
INSERT INTO TBL_USER_PERMISSION(EMP_CODE,PERMISSION_CODE)
    VALUES(2021062730,'ROLE_SALES_VIEW');
INSERT INTO TBL_USER_PERMISSION(EMP_CODE,PERMISSION_CODE)
    VALUES(2021062730,'ROLE_SALES_MANAGE');
INSERT INTO TBL_USER_PERMISSION(EMP_CODE,PERMISSION_CODE)
    VALUES(2000030331,'ROLE_ACCOUNTING_VIEW');
INSERT INTO TBL_USER_PERMISSION(EMP_CODE,PERMISSION_CODE)
    VALUES(2000030331,'ROLE_ACCOUNTING_MANAGE');
INSERT INTO TBL_USER_PERMISSION(EMP_CODE,PERMISSION_CODE)
    VALUES(2000030332,'ROLE_LOGISTIC_VIEW');
INSERT INTO TBL_USER_PERMISSION(EMP_CODE,PERMISSION_CODE)
    VALUES(2000030332,'ROLE_LOGISTIC_MANAGE');
INSERT INTO TBL_USER_PERMISSION(EMP_CODE,PERMISSION_CODE)
    VALUES(2000030332,'ROLE_SALES_VIEW');
INSERT INTO TBL_USER_PERMISSION(EMP_CODE,PERMISSION_CODE)
    VALUES(2000030332,'ROLE_SALES_MANAGE');
INSERT INTO TBL_USER_PERMISSION(EMP_CODE,PERMISSION_CODE)
    VALUES(2000030332,'ROLE_PRODUCT_VIEW');
INSERT INTO TBL_USER_PERMISSION(EMP_CODE,PERMISSION_CODE)
    VALUES(2000030332,'ROLE_PRODUCT_MANAGE');
INSERT INTO TBL_USER_PERMISSION(EMP_CODE,PERMISSION_CODE)
    VALUES(2000030332,'ROLE_HRM_VIEW');
INSERT INTO TBL_USER_PERMISSION(EMP_CODE,PERMISSION_CODE)
    VALUES(2000030332,'ROLE_HRM_MANAGE');
INSERT INTO TBL_USER_PERMISSION(EMP_CODE,PERMISSION_CODE)
    VALUES(2000030332,'ROLE_ACCOUNTING_VIEW');
INSERT INTO TBL_USER_PERMISSION(EMP_CODE,PERMISSION_CODE)
    VALUES(2000030332,'ROLE_ACCOUNTING_MANAGE');
INSERT INTO TBL_USER_PERMISSION(EMP_CODE,PERMISSION_CODE)
    VALUES(2000030332,'ROLE_NOTICE_VIEW');
INSERT INTO TBL_USER_PERMISSION(EMP_CODE,PERMISSION_CODE)
    VALUES(2000030332,'ROLE_NOTICE_MANAGE');
INSERT INTO TBL_USER_PERMISSION(EMP_CODE,PERMISSION_CODE)
    VALUES(2000030332,'ROLE_SCHEDULE_VIEW');
INSERT INTO TBL_USER_PERMISSION(EMP_CODE,PERMISSION_CODE)
    VALUES(2000030332,'ROLE_SCHEDULE_MANAGE');
-- 과장 이상의 직급에 기안서 수정 권한 부여
INSERT INTO TBL_USER_PERMISSION(EMP_CODE, PERMISSION_CODE) VALUES (201408129, 'ROLE_DRAFT_MANAGE');
INSERT INTO TBL_USER_PERMISSION(EMP_CODE, PERMISSION_CODE) VALUES (2017090910, 'ROLE_DRAFT_MANAGE');
INSERT INTO TBL_USER_PERMISSION(EMP_CODE, PERMISSION_CODE) VALUES (2008022227, 'ROLE_DRAFT_MANAGE');
INSERT INTO TBL_USER_PERMISSION(EMP_CODE, PERMISSION_CODE) VALUES (2000030331, 'ROLE_DRAFT_MANAGE');
INSERT INTO TBL_USER_PERMISSION(EMP_CODE, PERMISSION_CODE) VALUES (2000030332, 'ROLE_DRAFT_MANAGE');
INSERT INTO TBL_USER_PERMISSION(EMP_CODE, PERMISSION_CODE) VALUES (2012022119, 'ROLE_DRAFT_MANAGE');
INSERT INTO TBL_USER_PERMISSION(EMP_CODE, PERMISSION_CODE) VALUES (2021062020, 'ROLE_DRAFT_MANAGE');
INSERT INTO TBL_USER_PERMISSION(EMP_CODE, PERMISSION_CODE) VALUES (2002011829, 'ROLE_DRAFT_MANAGE');
INSERT INTO TBL_USER_PERMISSION(EMP_CODE, PERMISSION_CODE) VALUES (201409034, 'ROLE_DRAFT_MANAGE');
INSERT INTO TBL_USER_PERMISSION(EMP_CODE, PERMISSION_CODE) VALUES (200608145, 'ROLE_DRAFT_MANAGE');
INSERT INTO TBL_USER_PERMISSION(EMP_CODE, PERMISSION_CODE) VALUES (2020031726, 'ROLE_DRAFT_MANAGE');
INSERT INTO TBL_USER_PERMISSION(EMP_CODE, PERMISSION_CODE) VALUES (2014091424, 'ROLE_DRAFT_MANAGE');
INSERT INTO TBL_USER_PERMISSION(EMP_CODE, PERMISSION_CODE) VALUES (2008052425, 'ROLE_DRAFT_MANAGE');
INSERT INTO TBL_USER_PERMISSION(EMP_CODE, PERMISSION_CODE) VALUES (2021062730, 'ROLE_DRAFT_MANAGE');
INSERT INTO TBL_USER_PERMISSION(EMP_CODE, PERMISSION_CODE) VALUES (2010071514, 'ROLE_DRAFT_MANAGE');
INSERT INTO TBL_USER_PERMISSION(EMP_CODE, PERMISSION_CODE) VALUES (2019121415, 'ROLE_DRAFT_MANAGE');
INSERT INTO TBL_USER_PERMISSION(EMP_CODE, PERMISSION_CODE) VALUES (2022010128, 'ROLE_DRAFT_MANAGE');

/* 근태 */
INSERT INTO TBL_ATTENDANCE(ATTENDANCE_CODE,WORK_DATE,GOWORK_TIME,OUTWORK_TIME,WORK_TIME,OVERTIME_ALLOWANCE,EMP_CODE, ATTENDANCE_STATUS)
    VALUES(1,'2022/07/02','8:53:11','18:30:58',9,1,200305171, 'N');
INSERT INTO TBL_ATTENDANCE(ATTENDANCE_CODE,WORK_DATE,GOWORK_TIME,OUTWORK_TIME,WORK_TIME,OVERTIME_ALLOWANCE,EMP_CODE, ATTENDANCE_STATUS)
    VALUES(2,'2022/07/02','8:59:40','22:48:42',13,5,201409212, 'N');
INSERT INTO TBL_ATTENDANCE(ATTENDANCE_CODE,WORK_DATE,GOWORK_TIME,OUTWORK_TIME,WORK_TIME,OVERTIME_ALLOWANCE,EMP_CODE, ATTENDANCE_STATUS)
    VALUES(3,'2022/07/02','8:50:21','20:34:40',11,3,201611183, 'N');
INSERT INTO TBL_ATTENDANCE(ATTENDANCE_CODE,WORK_DATE,GOWORK_TIME,OUTWORK_TIME,WORK_TIME,OVERTIME_ALLOWANCE,EMP_CODE, ATTENDANCE_STATUS)
    VALUES(4,'2022/07/02','8:55:50','22:39:11',14,6,201409034, 'N');
INSERT INTO TBL_ATTENDANCE(ATTENDANCE_CODE,WORK_DATE,GOWORK_TIME,OUTWORK_TIME,WORK_TIME,OVERTIME_ALLOWANCE,EMP_CODE, ATTENDANCE_STATUS)
    VALUES(5,'2022/07/02','8:56:44','21:36:58',12,4,200608145, 'N');
INSERT INTO TBL_ATTENDANCE(ATTENDANCE_CODE,WORK_DATE,GOWORK_TIME,OUTWORK_TIME,WORK_TIME,OVERTIME_ALLOWANCE,EMP_CODE, ATTENDANCE_STATUS)
    VALUES(6,'2022/07/02','8:54:58','18:18:22',8,0,202206036, 'N');
INSERT INTO TBL_ATTENDANCE(ATTENDANCE_CODE,WORK_DATE,GOWORK_TIME,OUTWORK_TIME,WORK_TIME,OVERTIME_ALLOWANCE,EMP_CODE, ATTENDANCE_STATUS)
    VALUES(7,'2022/07/02','8:53:55','22:01:23',13,5,201710087, 'N');
INSERT INTO TBL_ATTENDANCE(ATTENDANCE_CODE,WORK_DATE,GOWORK_TIME,OUTWORK_TIME,WORK_TIME,OVERTIME_ALLOWANCE,EMP_CODE, ATTENDANCE_STATUS)
    VALUES(8,'2022/07/02','8:57:57','20:35:07',11,3,200404018, 'N');
INSERT INTO TBL_ATTENDANCE(ATTENDANCE_CODE,WORK_DATE,GOWORK_TIME,OUTWORK_TIME,WORK_TIME,OVERTIME_ALLOWANCE,EMP_CODE, ATTENDANCE_STATUS)
    VALUES(9,'2022/07/02','8:58:38','19:59:59',10,2,201408129, 'N');
INSERT INTO TBL_ATTENDANCE(ATTENDANCE_CODE,WORK_DATE,GOWORK_TIME,OUTWORK_TIME,WORK_TIME,OVERTIME_ALLOWANCE,EMP_CODE, ATTENDANCE_STATUS)
    VALUES(10,'2022/07/02','8:51:45','19:29:37',9,1,2017090910, 'N');
INSERT INTO TBL_ATTENDANCE(ATTENDANCE_CODE,WORK_DATE,GOWORK_TIME,OUTWORK_TIME,WORK_TIME,OVERTIME_ALLOWANCE,EMP_CODE, ATTENDANCE_STATUS)
    VALUES(11,'2022/07/02','8:53:28','22:17:29',12,4,2004042611, 'N');
INSERT INTO TBL_ATTENDANCE(ATTENDANCE_CODE,WORK_DATE,GOWORK_TIME,OUTWORK_TIME,WORK_TIME,OVERTIME_ALLOWANCE,EMP_CODE, ATTENDANCE_STATUS)
    VALUES(12,'2022/07/02','8:50:06','22:39:53',14,6,2020060812, 'N');
INSERT INTO TBL_ATTENDANCE(ATTENDANCE_CODE,WORK_DATE,GOWORK_TIME,OUTWORK_TIME,WORK_TIME,OVERTIME_ALLOWANCE,EMP_CODE, ATTENDANCE_STATUS)
    VALUES(13,'2022/07/02','8:53:05','20:05:03',10,2,2006100513, 'N');
INSERT INTO TBL_ATTENDANCE(ATTENDANCE_CODE,WORK_DATE,GOWORK_TIME,OUTWORK_TIME,WORK_TIME,OVERTIME_ALLOWANCE,EMP_CODE, ATTENDANCE_STATUS)
    VALUES(14,'2022/07/02','8:56:29','18:45:15',9,1,2010071514, 'N');
INSERT INTO TBL_ATTENDANCE(ATTENDANCE_CODE,WORK_DATE,GOWORK_TIME,OUTWORK_TIME,WORK_TIME,OVERTIME_ALLOWANCE,EMP_CODE, ATTENDANCE_STATUS)
    VALUES(15,'2022/07/02','8:54:45','18:55:04',9,1,2019121415, 'N');
INSERT INTO TBL_ATTENDANCE(ATTENDANCE_CODE,WORK_DATE,GOWORK_TIME,OUTWORK_TIME,WORK_TIME,OVERTIME_ALLOWANCE,EMP_CODE, ATTENDANCE_STATUS)
    VALUES(16,'2022/07/02','8:54:23','21:05:29',11,3,2002080116, 'N');
INSERT INTO TBL_ATTENDANCE(ATTENDANCE_CODE,WORK_DATE,GOWORK_TIME,OUTWORK_TIME,WORK_TIME,OVERTIME_ALLOWANCE,EMP_CODE, ATTENDANCE_STATUS)
    VALUES(17,'2022/07/02','8:53:36','18:00:23',8,0,2003112617, 'N');
INSERT INTO TBL_ATTENDANCE(ATTENDANCE_CODE,WORK_DATE,GOWORK_TIME,OUTWORK_TIME,WORK_TIME,OVERTIME_ALLOWANCE,EMP_CODE, ATTENDANCE_STATUS)
    VALUES(18,'2022/07/02','8:58:13','20:57:55',11,3,2007052418, 'N');
INSERT INTO TBL_ATTENDANCE(ATTENDANCE_CODE,WORK_DATE,GOWORK_TIME,OUTWORK_TIME,WORK_TIME,OVERTIME_ALLOWANCE,EMP_CODE, ATTENDANCE_STATUS)
    VALUES(19,'2022/07/02','8:56:12','18:29:28',8,0,2012022119, 'N');
INSERT INTO TBL_ATTENDANCE(ATTENDANCE_CODE,WORK_DATE,GOWORK_TIME,OUTWORK_TIME,WORK_TIME,OVERTIME_ALLOWANCE,EMP_CODE, ATTENDANCE_STATUS)
    VALUES(20,'2022/07/02','8:51:09','22:46:31',14,6,2021062020, 'N');
INSERT INTO TBL_ATTENDANCE(ATTENDANCE_CODE,WORK_DATE,GOWORK_TIME,OUTWORK_TIME,WORK_TIME,OVERTIME_ALLOWANCE,EMP_CODE, ATTENDANCE_STATUS)
    VALUES(21,'2022/07/02','8:54:15','21:01:34',12,4,2013122121, 'N');
INSERT INTO TBL_ATTENDANCE(ATTENDANCE_CODE,WORK_DATE,GOWORK_TIME,OUTWORK_TIME,WORK_TIME,OVERTIME_ALLOWANCE,EMP_CODE, ATTENDANCE_STATUS)
    VALUES(22,'2022/07/02','8:51:41','18:29:10',8,0,2012122622, 'N');
INSERT INTO TBL_ATTENDANCE(ATTENDANCE_CODE,WORK_DATE,GOWORK_TIME,OUTWORK_TIME,WORK_TIME,OVERTIME_ALLOWANCE,EMP_CODE, ATTENDANCE_STATUS)
    VALUES(23,'2022/07/02','8:59:36','20:17:59',10,2,2016080123, 'N');
INSERT INTO TBL_ATTENDANCE(ATTENDANCE_CODE,WORK_DATE,GOWORK_TIME,OUTWORK_TIME,WORK_TIME,OVERTIME_ALLOWANCE,EMP_CODE, ATTENDANCE_STATUS)
    VALUES(24,'2022/07/02','8:53:29','21:19:43',10,2,2014091424, 'N');
INSERT INTO TBL_ATTENDANCE(ATTENDANCE_CODE,WORK_DATE,GOWORK_TIME,OUTWORK_TIME,WORK_TIME,OVERTIME_ALLOWANCE,EMP_CODE, ATTENDANCE_STATUS)
    VALUES(25,'2022/07/02','8:51:45','21:03:02',10,2,2008052425, 'N');
INSERT INTO TBL_ATTENDANCE(ATTENDANCE_CODE,WORK_DATE,GOWORK_TIME,OUTWORK_TIME,WORK_TIME,OVERTIME_ALLOWANCE,EMP_CODE, ATTENDANCE_STATUS)
    VALUES(26,'2022/07/02','8:53:51','22:39:43',14,6,2020031726, 'N');
INSERT INTO TBL_ATTENDANCE(ATTENDANCE_CODE,WORK_DATE,GOWORK_TIME,OUTWORK_TIME,WORK_TIME,OVERTIME_ALLOWANCE,EMP_CODE, ATTENDANCE_STATUS)
    VALUES(27,'2022/07/02','8:53:55','18:10:47',8,0,2008022227, 'N');
INSERT INTO TBL_ATTENDANCE(ATTENDANCE_CODE,WORK_DATE,GOWORK_TIME,OUTWORK_TIME,WORK_TIME,OVERTIME_ALLOWANCE,EMP_CODE, ATTENDANCE_STATUS)
    VALUES(28,'2022/07/02','8:58:58','21:01:49',10,2,2022010128, 'N');
INSERT INTO TBL_ATTENDANCE(ATTENDANCE_CODE,WORK_DATE,GOWORK_TIME,OUTWORK_TIME,WORK_TIME,OVERTIME_ALLOWANCE,EMP_CODE, ATTENDANCE_STATUS)
    VALUES(29,'2022/07/02','8:57:58','21:01:02',10,2,2002011829, 'N');
INSERT INTO TBL_ATTENDANCE(ATTENDANCE_CODE,WORK_DATE,GOWORK_TIME,OUTWORK_TIME,WORK_TIME,OVERTIME_ALLOWANCE,EMP_CODE, ATTENDANCE_STATUS)
    VALUES(30,'2022/07/02','8:51:51','20:43:15',10,2,2021062730, 'N');
INSERT INTO TBL_ATTENDANCE(ATTENDANCE_CODE,WORK_DATE,GOWORK_TIME,OUTWORK_TIME,WORK_TIME,OVERTIME_ALLOWANCE,EMP_CODE, ATTENDANCE_STATUS)
    VALUES(31,'2022/07/02','8:50:34','18:55:25',9,1,2000030331, 'N');
INSERT INTO TBL_ATTENDANCE(ATTENDANCE_CODE,WORK_DATE,GOWORK_TIME,OUTWORK_TIME,WORK_TIME,OVERTIME_ALLOWANCE,EMP_CODE, ATTENDANCE_STATUS)
    VALUES(32,'2022/07/02','8:57:06','22:17:17',13,5,2000030332, 'N');
INSERT INTO TBL_ATTENDANCE(ATTENDANCE_CODE,WORK_DATE,GOWORK_TIME,OUTWORK_TIME,WORK_TIME,OVERTIME_ALLOWANCE,EMP_CODE, ATTENDANCE_STATUS)
    VALUES(33,'2022/07/03','8:51:14','22:59:40',13,5,200305171, 'N');
INSERT INTO TBL_ATTENDANCE(ATTENDANCE_CODE,WORK_DATE,GOWORK_TIME,OUTWORK_TIME,WORK_TIME,OVERTIME_ALLOWANCE,EMP_CODE, ATTENDANCE_STATUS)
    VALUES(34,'2022/07/03','8:57:36','21:25:43',11,3,201409212, 'N');
INSERT INTO TBL_ATTENDANCE(ATTENDANCE_CODE,WORK_DATE,GOWORK_TIME,OUTWORK_TIME,WORK_TIME,OVERTIME_ALLOWANCE,EMP_CODE, ATTENDANCE_STATUS)
    VALUES(35,'2022/07/03','8:52:20','20:42:40',11,3,201611183, 'N');
INSERT INTO TBL_ATTENDANCE(ATTENDANCE_CODE,WORK_DATE,GOWORK_TIME,OUTWORK_TIME,WORK_TIME,OVERTIME_ALLOWANCE,EMP_CODE, ATTENDANCE_STATUS)
    VALUES(36,'2022/07/03','8:57:13','21:37:07',12,4,201409034, 'N');
INSERT INTO TBL_ATTENDANCE(ATTENDANCE_CODE,WORK_DATE,GOWORK_TIME,OUTWORK_TIME,WORK_TIME,OVERTIME_ALLOWANCE,EMP_CODE, ATTENDANCE_STATUS)
    VALUES(37,'2022/07/03','8:58:04','20:05:09',10,2,200608145, 'N');
INSERT INTO TBL_ATTENDANCE(ATTENDANCE_CODE,WORK_DATE,GOWORK_TIME,OUTWORK_TIME,WORK_TIME,OVERTIME_ALLOWANCE,EMP_CODE, ATTENDANCE_STATUS)
    VALUES(38,'2022/07/03','8:52:42','18:37:44',9,1,202206036, 'N');
INSERT INTO TBL_ATTENDANCE(ATTENDANCE_CODE,WORK_DATE,GOWORK_TIME,OUTWORK_TIME,WORK_TIME,OVERTIME_ALLOWANCE,EMP_CODE, ATTENDANCE_STATUS)
    VALUES(39,'2022/07/03','8:52:01','19:30:41',10,2,201710087, 'N');
INSERT INTO TBL_ATTENDANCE(ATTENDANCE_CODE,WORK_DATE,GOWORK_TIME,OUTWORK_TIME,WORK_TIME,OVERTIME_ALLOWANCE,EMP_CODE, ATTENDANCE_STATUS)
    VALUES(40,'2022/07/03','8:57:45','19:56:40',10,2,200404018, 'N');
INSERT INTO TBL_ATTENDANCE(ATTENDANCE_CODE,WORK_DATE,GOWORK_TIME,OUTWORK_TIME,WORK_TIME,OVERTIME_ALLOWANCE,EMP_CODE, ATTENDANCE_STATUS)
    VALUES(41,'2022/07/03','8:57:45','22:39:09',13,5,201408129, 'N');
INSERT INTO TBL_ATTENDANCE(ATTENDANCE_CODE,WORK_DATE,GOWORK_TIME,OUTWORK_TIME,WORK_TIME,OVERTIME_ALLOWANCE,EMP_CODE, ATTENDANCE_STATUS)
    VALUES(42,'2022/07/03','8:54:22','21:51:24',12,4,2017090910, 'N');
INSERT INTO TBL_ATTENDANCE(ATTENDANCE_CODE,WORK_DATE,GOWORK_TIME,OUTWORK_TIME,WORK_TIME,OVERTIME_ALLOWANCE,EMP_CODE, ATTENDANCE_STATUS)
    VALUES(43,'2022/07/03','8:53:46','18:22:37',8,0,2004042611, 'N');
INSERT INTO TBL_ATTENDANCE(ATTENDANCE_CODE,WORK_DATE,GOWORK_TIME,OUTWORK_TIME,WORK_TIME,OVERTIME_ALLOWANCE,EMP_CODE, ATTENDANCE_STATUS)
    VALUES(44,'2022/07/03','8:58:00','20:43:22',11,3,2020060812, 'N');
INSERT INTO TBL_ATTENDANCE(ATTENDANCE_CODE,WORK_DATE,GOWORK_TIME,OUTWORK_TIME,WORK_TIME,OVERTIME_ALLOWANCE,EMP_CODE, ATTENDANCE_STATUS)
    VALUES(45,'2022/07/03','8:52:17','19:30:30',10,2,2006100513, 'N');
INSERT INTO TBL_ATTENDANCE(ATTENDANCE_CODE,WORK_DATE,GOWORK_TIME,OUTWORK_TIME,WORK_TIME,OVERTIME_ALLOWANCE,EMP_CODE, ATTENDANCE_STATUS)
    VALUES(46,'2022/07/03','8:51:48','18:15:01',8,0,2010071514, 'N');
INSERT INTO TBL_ATTENDANCE(ATTENDANCE_CODE,WORK_DATE,GOWORK_TIME,OUTWORK_TIME,WORK_TIME,OVERTIME_ALLOWANCE,EMP_CODE, ATTENDANCE_STATUS)
    VALUES(47,'2022/07/03','8:50:16','19:20:44',9,1,2019121415, 'N');
INSERT INTO TBL_ATTENDANCE(ATTENDANCE_CODE,WORK_DATE,GOWORK_TIME,OUTWORK_TIME,WORK_TIME,OVERTIME_ALLOWANCE,EMP_CODE, ATTENDANCE_STATUS)
    VALUES(48,'2022/07/03','8:52:16','20:37:14',11,3,2002080116, 'N');
INSERT INTO TBL_ATTENDANCE(ATTENDANCE_CODE,WORK_DATE,GOWORK_TIME,OUTWORK_TIME,WORK_TIME,OVERTIME_ALLOWANCE,EMP_CODE, ATTENDANCE_STATUS)
    VALUES(49,'2022/07/03','8:59:24','21:29:36',11,3,2003112617, 'N');
INSERT INTO TBL_ATTENDANCE(ATTENDANCE_CODE,WORK_DATE,GOWORK_TIME,OUTWORK_TIME,WORK_TIME,OVERTIME_ALLOWANCE,EMP_CODE, ATTENDANCE_STATUS)
    VALUES(50,'2022/07/03','8:57:26','20:30:37',11,3,2007052418, 'N');
INSERT INTO TBL_ATTENDANCE(ATTENDANCE_CODE,WORK_DATE,GOWORK_TIME,OUTWORK_TIME,WORK_TIME,OVERTIME_ALLOWANCE,EMP_CODE, ATTENDANCE_STATUS)
    VALUES(51,'2022/07/03','8:59:32','22:54:26',13,5,2012022119, 'N');
INSERT INTO TBL_ATTENDANCE(ATTENDANCE_CODE,WORK_DATE,GOWORK_TIME,OUTWORK_TIME,WORK_TIME,OVERTIME_ALLOWANCE,EMP_CODE, ATTENDANCE_STATUS)
    VALUES(52,'2022/07/03','8:55:33','21:54:06',12,4,2021062020, 'N');
INSERT INTO TBL_ATTENDANCE(ATTENDANCE_CODE,WORK_DATE,GOWORK_TIME,OUTWORK_TIME,WORK_TIME,OVERTIME_ALLOWANCE,EMP_CODE, ATTENDANCE_STATUS)
    VALUES(53,'2022/07/03','8:59:56','19:41:22',10,2,2013122121, 'N');
INSERT INTO TBL_ATTENDANCE(ATTENDANCE_CODE,WORK_DATE,GOWORK_TIME,OUTWORK_TIME,WORK_TIME,OVERTIME_ALLOWANCE,EMP_CODE, ATTENDANCE_STATUS)
    VALUES(54,'2022/07/03','8:56:37','21:48:19',12,4,2012122622, 'N');
INSERT INTO TBL_ATTENDANCE(ATTENDANCE_CODE,WORK_DATE,GOWORK_TIME,OUTWORK_TIME,WORK_TIME,OVERTIME_ALLOWANCE,EMP_CODE, ATTENDANCE_STATUS)
    VALUES(55,'2022/07/03','8:52:02','19:35:50',10,2,2016080123, 'N');
INSERT INTO TBL_ATTENDANCE(ATTENDANCE_CODE,WORK_DATE,GOWORK_TIME,OUTWORK_TIME,WORK_TIME,OVERTIME_ALLOWANCE,EMP_CODE, ATTENDANCE_STATUS)
    VALUES(56,'2022/07/03','8:51:54','22:34:26',13,5,2014091424, 'N');
INSERT INTO TBL_ATTENDANCE(ATTENDANCE_CODE,WORK_DATE,GOWORK_TIME,OUTWORK_TIME,WORK_TIME,OVERTIME_ALLOWANCE,EMP_CODE, ATTENDANCE_STATUS)
    VALUES(57,'2022/07/03','9:00:00','22:30:41',13,5,2008052425, 'N');
INSERT INTO TBL_ATTENDANCE(ATTENDANCE_CODE,WORK_DATE,GOWORK_TIME,OUTWORK_TIME,WORK_TIME,OVERTIME_ALLOWANCE,EMP_CODE, ATTENDANCE_STATUS)
    VALUES(58,'2022/07/03','8:50:31','20:15:37',10,2,2020031726, 'N');
INSERT INTO TBL_ATTENDANCE(ATTENDANCE_CODE,WORK_DATE,GOWORK_TIME,OUTWORK_TIME,WORK_TIME,OVERTIME_ALLOWANCE,EMP_CODE, ATTENDANCE_STATUS)
    VALUES(59,'2022/07/03','8:57:10','19:36:23',10,2,2008022227, 'N');
INSERT INTO TBL_ATTENDANCE(ATTENDANCE_CODE,WORK_DATE,GOWORK_TIME,OUTWORK_TIME,WORK_TIME,OVERTIME_ALLOWANCE,EMP_CODE, ATTENDANCE_STATUS)
    VALUES(60,'2022/07/03','8:58:23','20:16:15',10,2,2022010128, 'N');
INSERT INTO TBL_ATTENDANCE(ATTENDANCE_CODE,WORK_DATE,GOWORK_TIME,OUTWORK_TIME,WORK_TIME,OVERTIME_ALLOWANCE,EMP_CODE, ATTENDANCE_STATUS)
    VALUES(61,'2022/07/03','8:57:45','22:40:41',13,5,2002011829, 'N');
INSERT INTO TBL_ATTENDANCE(ATTENDANCE_CODE,WORK_DATE,GOWORK_TIME,OUTWORK_TIME,WORK_TIME,OVERTIME_ALLOWANCE,EMP_CODE, ATTENDANCE_STATUS)
    VALUES(62,'2022/07/03','8:50:36','19:46:07',10,2,2021062730, 'N');
INSERT INTO TBL_ATTENDANCE(ATTENDANCE_CODE,WORK_DATE,GOWORK_TIME,OUTWORK_TIME,WORK_TIME,OVERTIME_ALLOWANCE,EMP_CODE, ATTENDANCE_STATUS)
    VALUES(63,'2022/07/03','8:56:14','18:22:04',8,0,2000030331, 'N');
INSERT INTO TBL_ATTENDANCE(ATTENDANCE_CODE,WORK_DATE,GOWORK_TIME,OUTWORK_TIME,WORK_TIME,OVERTIME_ALLOWANCE,EMP_CODE, ATTENDANCE_STATUS)
    VALUES(64,'2022/07/03','8:53:34','22:21:46',13,5,2000030332, 'N');


/*휴가내역*/
INSERT INTO TBL_ANNUAL(ANNUAL_CODE,ANNUAL_NAME,DEPT_CODE,ANNUAL_START,ANNUAL_LEAVE_DAT,EMP_CODE,ANNUAL_END)
    VALUES(1,'연차','D1','2022/06/13',2,201409034,'2022/06/15');
INSERT INTO TBL_ANNUAL(ANNUAL_CODE,ANNUAL_NAME,DEPT_CODE,ANNUAL_START,ANNUAL_LEAVE_DAT,EMP_CODE,ANNUAL_END)
    VALUES(2,'연차','D2','2022/06/13',3,201408129,'2022/06/16');
INSERT INTO TBL_ANNUAL(ANNUAL_CODE,ANNUAL_NAME,DEPT_CODE,ANNUAL_START,ANNUAL_LEAVE_DAT,EMP_CODE,ANNUAL_END)
    VALUES(3,'연차','D2','2022/06/13',2,2017090910,'2022/06/15');
INSERT INTO TBL_ANNUAL(ANNUAL_CODE,ANNUAL_NAME,DEPT_CODE,ANNUAL_START,ANNUAL_LEAVE_DAT,EMP_CODE,ANNUAL_END)
    VALUES(4,'연차','D3','2022/06/13',2,2020060812,'2022/06/15');
INSERT INTO TBL_ANNUAL(ANNUAL_CODE,ANNUAL_NAME,DEPT_CODE,ANNUAL_START,ANNUAL_LEAVE_DAT,EMP_CODE,ANNUAL_END)
    VALUES(5,'연차','D4','2022/06/15',2,2002080116,'2022/06/16');
INSERT INTO TBL_ANNUAL(ANNUAL_CODE,ANNUAL_NAME,DEPT_CODE,ANNUAL_START,ANNUAL_LEAVE_DAT,EMP_CODE,ANNUAL_END)
    VALUES(6,'연차','D4','2022/06/15',3,2012022119,'2022/06/17');
INSERT INTO TBL_ANNUAL(ANNUAL_CODE,ANNUAL_NAME,DEPT_CODE,ANNUAL_START,ANNUAL_LEAVE_DAT,EMP_CODE,ANNUAL_END)
    VALUES(7,'연차','D5','2022/06/19',2,2012122622,'2022/06/20');
INSERT INTO TBL_ANNUAL(ANNUAL_CODE,ANNUAL_NAME,DEPT_CODE,ANNUAL_START,ANNUAL_LEAVE_DAT,EMP_CODE,ANNUAL_END)
    VALUES(8,'연차','D5','2022/06/23',1,2016080123,'2022/06/23');
INSERT INTO TBL_ANNUAL(ANNUAL_CODE,ANNUAL_NAME,DEPT_CODE,ANNUAL_START,ANNUAL_LEAVE_DAT,EMP_CODE,ANNUAL_END)
    VALUES(9,'연차','D2','2022/06/23',1,2008022227,'2022/06/23');
INSERT INTO TBL_ANNUAL(ANNUAL_CODE,ANNUAL_NAME,DEPT_CODE,ANNUAL_START,ANNUAL_LEAVE_DAT,EMP_CODE,ANNUAL_END)
    VALUES(10,'병가','D3','2022/06/26',2,2022010128,'2022/06/27');
INSERT INTO TBL_ANNUAL(ANNUAL_CODE,ANNUAL_NAME,DEPT_CODE,ANNUAL_START,ANNUAL_LEAVE_DAT,EMP_CODE,ANNUAL_END)
    VALUES(11,'병가','D4','2022/06/27',1,2002011829,'2022/06/27');
INSERT INTO TBL_ANNUAL(ANNUAL_CODE,ANNUAL_NAME,DEPT_CODE,ANNUAL_START,ANNUAL_LEAVE_DAT,EMP_CODE,ANNUAL_END)
    VALUES(12,'연차','D5','2022/06/28',2,2021062730,'2022/06/29');
INSERT INTO TBL_ANNUAL(ANNUAL_CODE,ANNUAL_NAME,DEPT_CODE,ANNUAL_START,ANNUAL_LEAVE_DAT,EMP_CODE,ANNUAL_END)
    VALUES(13,'병가','D2','2022/06/28',2,2000030331,'2022/06/29');

/* 급여내역 */
INSERT INTO TBL_SALARY(OVERTIME_ALLOWANCE_SUM,ACTUAL_PAYMENT,SALARY_NO,EMP_CODE,SALARY_MONTH,SALARY_YEAR)
    VALUES(20625,2220625,1,200305171,5,2022);
INSERT INTO TBL_SALARY(OVERTIME_ALLOWANCE_SUM,ACTUAL_PAYMENT,SALARY_NO,EMP_CODE,SALARY_MONTH,SALARY_YEAR)
    VALUES(131250,2931250,2,201409212,5,2022);
INSERT INTO TBL_SALARY(OVERTIME_ALLOWANCE_SUM,ACTUAL_PAYMENT,SALARY_NO,EMP_CODE,SALARY_MONTH,SALARY_YEAR)
    VALUES(84375,3084375,3,201611183,5,2022);
INSERT INTO TBL_SALARY(OVERTIME_ALLOWANCE_SUM,ACTUAL_PAYMENT,SALARY_NO,EMP_CODE,SALARY_MONTH,SALARY_YEAR)
    VALUES(196875,3696875,4,201409034,5,2022);
INSERT INTO TBL_SALARY(OVERTIME_ALLOWANCE_SUM,ACTUAL_PAYMENT,SALARY_NO,EMP_CODE,SALARY_MONTH,SALARY_YEAR)
    VALUES(187500,5187500,5,200608145,5,2022);
INSERT INTO TBL_SALARY(OVERTIME_ALLOWANCE_SUM,ACTUAL_PAYMENT,SALARY_NO,EMP_CODE,SALARY_MONTH,SALARY_YEAR)
    VALUES(0,2200000,6,202206036,5,2022);
INSERT INTO TBL_SALARY(OVERTIME_ALLOWANCE_SUM,ACTUAL_PAYMENT,SALARY_NO,EMP_CODE,SALARY_MONTH,SALARY_YEAR)
    VALUES(131250,2931250,7,201710087,5,2022);
INSERT INTO TBL_SALARY(OVERTIME_ALLOWANCE_SUM,ACTUAL_PAYMENT,SALARY_NO,EMP_CODE,SALARY_MONTH,SALARY_YEAR)
    VALUES(84375,3084375,8,200404018,5,2022);
INSERT INTO TBL_SALARY(OVERTIME_ALLOWANCE_SUM,ACTUAL_PAYMENT,SALARY_NO,EMP_CODE,SALARY_MONTH,SALARY_YEAR)
    VALUES(65625,3565625,9,201408129,5,2022);
INSERT INTO TBL_SALARY(OVERTIME_ALLOWANCE_SUM,ACTUAL_PAYMENT,SALARY_NO,EMP_CODE,SALARY_MONTH,SALARY_YEAR)
    VALUES(46875,5046875,10,2017090910,5,2022);
INSERT INTO TBL_SALARY(OVERTIME_ALLOWANCE_SUM,ACTUAL_PAYMENT,SALARY_NO,EMP_CODE,SALARY_MONTH,SALARY_YEAR)
    VALUES(82500,2282500,11,2004042611,5,2022);
INSERT INTO TBL_SALARY(OVERTIME_ALLOWANCE_SUM,ACTUAL_PAYMENT,SALARY_NO,EMP_CODE,SALARY_MONTH,SALARY_YEAR)
    VALUES(157500,2957500,12,2020060812,5,2022);
INSERT INTO TBL_SALARY(OVERTIME_ALLOWANCE_SUM,ACTUAL_PAYMENT,SALARY_NO,EMP_CODE,SALARY_MONTH,SALARY_YEAR)
    VALUES(56250,3056250,13,2006100513,5,2022);
INSERT INTO TBL_SALARY(OVERTIME_ALLOWANCE_SUM,ACTUAL_PAYMENT,SALARY_NO,EMP_CODE,SALARY_MONTH,SALARY_YEAR)
    VALUES(32813,3532813,14,2010071514,5,2022);
INSERT INTO TBL_SALARY(OVERTIME_ALLOWANCE_SUM,ACTUAL_PAYMENT,SALARY_NO,EMP_CODE,SALARY_MONTH,SALARY_YEAR)
    VALUES(46875,5046875,15,2019121415,5,2022);
INSERT INTO TBL_SALARY(OVERTIME_ALLOWANCE_SUM,ACTUAL_PAYMENT,SALARY_NO,EMP_CODE,SALARY_MONTH,SALARY_YEAR)
    VALUES(61875,2261875,16,2002080116,5,2022);
INSERT INTO TBL_SALARY(OVERTIME_ALLOWANCE_SUM,ACTUAL_PAYMENT,SALARY_NO,EMP_CODE,SALARY_MONTH,SALARY_YEAR)
    VALUES(0,2800000,17,2003112617,5,2022);
INSERT INTO TBL_SALARY(OVERTIME_ALLOWANCE_SUM,ACTUAL_PAYMENT,SALARY_NO,EMP_CODE,SALARY_MONTH,SALARY_YEAR)
    VALUES(84375,3084375,18,2007052418,5,2022);
INSERT INTO TBL_SALARY(OVERTIME_ALLOWANCE_SUM,ACTUAL_PAYMENT,SALARY_NO,EMP_CODE,SALARY_MONTH,SALARY_YEAR)
    VALUES(0,3500000,19,2012022119,5,2022);
INSERT INTO TBL_SALARY(OVERTIME_ALLOWANCE_SUM,ACTUAL_PAYMENT,SALARY_NO,EMP_CODE,SALARY_MONTH,SALARY_YEAR)
    VALUES(281250,5281250,20,2021062020,5,2022);
INSERT INTO TBL_SALARY(OVERTIME_ALLOWANCE_SUM,ACTUAL_PAYMENT,SALARY_NO,EMP_CODE,SALARY_MONTH,SALARY_YEAR)
    VALUES(82500,2282500,21,2013122121,5,2022);
INSERT INTO TBL_SALARY(OVERTIME_ALLOWANCE_SUM,ACTUAL_PAYMENT,SALARY_NO,EMP_CODE,SALARY_MONTH,SALARY_YEAR)
    VALUES(0,2800000,22,2012122622,5,2022);
INSERT INTO TBL_SALARY(OVERTIME_ALLOWANCE_SUM,ACTUAL_PAYMENT,SALARY_NO,EMP_CODE,SALARY_MONTH,SALARY_YEAR)
    VALUES(56250,3056250,23,2016080123,5,2022);
INSERT INTO TBL_SALARY(OVERTIME_ALLOWANCE_SUM,ACTUAL_PAYMENT,SALARY_NO,EMP_CODE,SALARY_MONTH,SALARY_YEAR)
    VALUES(65625,3565625,24,2014091424,5,2022);
INSERT INTO TBL_SALARY(OVERTIME_ALLOWANCE_SUM,ACTUAL_PAYMENT,SALARY_NO,EMP_CODE,SALARY_MONTH,SALARY_YEAR)
    VALUES(93750,5093750,25,2008052425,5,2022);
INSERT INTO TBL_SALARY(OVERTIME_ALLOWANCE_SUM,ACTUAL_PAYMENT,SALARY_NO,EMP_CODE,SALARY_MONTH,SALARY_YEAR)
    VALUES(123750,2323750,26,2020031726,5,2022);
INSERT INTO TBL_SALARY(OVERTIME_ALLOWANCE_SUM,ACTUAL_PAYMENT,SALARY_NO,EMP_CODE,SALARY_MONTH,SALARY_YEAR)
    VALUES(0,2800000,27,2008022227,5,2022);
INSERT INTO TBL_SALARY(OVERTIME_ALLOWANCE_SUM,ACTUAL_PAYMENT,SALARY_NO,EMP_CODE,SALARY_MONTH,SALARY_YEAR)
    VALUES(56250,3056250,28,2022010128,5,2022);
INSERT INTO TBL_SALARY(OVERTIME_ALLOWANCE_SUM,ACTUAL_PAYMENT,SALARY_NO,EMP_CODE,SALARY_MONTH,SALARY_YEAR)
    VALUES(65625,3565625,29,2002011829,5,2022);
INSERT INTO TBL_SALARY(OVERTIME_ALLOWANCE_SUM,ACTUAL_PAYMENT,SALARY_NO,EMP_CODE,SALARY_MONTH,SALARY_YEAR)
    VALUES(93750,5093750,30,2021062730,5,2022);
INSERT INTO TBL_SALARY(OVERTIME_ALLOWANCE_SUM,ACTUAL_PAYMENT,SALARY_NO,EMP_CODE,SALARY_MONTH,SALARY_YEAR)
    VALUES(65625,7065625,31,2000030331,5,2022);
INSERT INTO TBL_SALARY(OVERTIME_ALLOWANCE_SUM,ACTUAL_PAYMENT,SALARY_NO,EMP_CODE,SALARY_MONTH,SALARY_YEAR)
    VALUES(468750,10468750,32,2000030332,5,2022);
INSERT INTO TBL_SALARY(OVERTIME_ALLOWANCE_SUM,ACTUAL_PAYMENT,SALARY_NO,EMP_CODE,SALARY_MONTH,SALARY_YEAR)
    VALUES(103125,2303125,33,200305171,6,2022);
INSERT INTO TBL_SALARY(OVERTIME_ALLOWANCE_SUM,ACTUAL_PAYMENT,SALARY_NO,EMP_CODE,SALARY_MONTH,SALARY_YEAR)
    VALUES(78750,2878750,34,201409212,6,2022);
INSERT INTO TBL_SALARY(OVERTIME_ALLOWANCE_SUM,ACTUAL_PAYMENT,SALARY_NO,EMP_CODE,SALARY_MONTH,SALARY_YEAR)
    VALUES(84375,3084375,35,201611183,6,2022);
INSERT INTO TBL_SALARY(OVERTIME_ALLOWANCE_SUM,ACTUAL_PAYMENT,SALARY_NO,EMP_CODE,SALARY_MONTH,SALARY_YEAR)
    VALUES(131250,3631250,36,201409034,6,2022);
INSERT INTO TBL_SALARY(OVERTIME_ALLOWANCE_SUM,ACTUAL_PAYMENT,SALARY_NO,EMP_CODE,SALARY_MONTH,SALARY_YEAR)
    VALUES(93750,5093750,37,200608145,6,2022);
INSERT INTO TBL_SALARY(OVERTIME_ALLOWANCE_SUM,ACTUAL_PAYMENT,SALARY_NO,EMP_CODE,SALARY_MONTH,SALARY_YEAR)
    VALUES(20625,2220625,38,202206036,6,2022);
INSERT INTO TBL_SALARY(OVERTIME_ALLOWANCE_SUM,ACTUAL_PAYMENT,SALARY_NO,EMP_CODE,SALARY_MONTH,SALARY_YEAR)
    VALUES(52500,2852500,39,201710087,6,2022);
INSERT INTO TBL_SALARY(OVERTIME_ALLOWANCE_SUM,ACTUAL_PAYMENT,SALARY_NO,EMP_CODE,SALARY_MONTH,SALARY_YEAR)
    VALUES(56250,3056250,40,200404018,6,2022);
INSERT INTO TBL_SALARY(OVERTIME_ALLOWANCE_SUM,ACTUAL_PAYMENT,SALARY_NO,EMP_CODE,SALARY_MONTH,SALARY_YEAR)
    VALUES(164063,3664063,41,201408129,6,2022);
INSERT INTO TBL_SALARY(OVERTIME_ALLOWANCE_SUM,ACTUAL_PAYMENT,SALARY_NO,EMP_CODE,SALARY_MONTH,SALARY_YEAR)
    VALUES(187500,5187500,42,2017090910,6,2022);
INSERT INTO TBL_SALARY(OVERTIME_ALLOWANCE_SUM,ACTUAL_PAYMENT,SALARY_NO,EMP_CODE,SALARY_MONTH,SALARY_YEAR)
    VALUES(0,2200000,43,2004042611,6,2022);
INSERT INTO TBL_SALARY(OVERTIME_ALLOWANCE_SUM,ACTUAL_PAYMENT,SALARY_NO,EMP_CODE,SALARY_MONTH,SALARY_YEAR)
    VALUES(78750,2878750,44,2020060812,6,2022);
INSERT INTO TBL_SALARY(OVERTIME_ALLOWANCE_SUM,ACTUAL_PAYMENT,SALARY_NO,EMP_CODE,SALARY_MONTH,SALARY_YEAR)
    VALUES(56250,3056250,45,2006100513,6,2022);
INSERT INTO TBL_SALARY(OVERTIME_ALLOWANCE_SUM,ACTUAL_PAYMENT,SALARY_NO,EMP_CODE,SALARY_MONTH,SALARY_YEAR)
    VALUES(0,3500000,46,2010071514,6,2022);
INSERT INTO TBL_SALARY(OVERTIME_ALLOWANCE_SUM,ACTUAL_PAYMENT,SALARY_NO,EMP_CODE,SALARY_MONTH,SALARY_YEAR)
    VALUES(46875,5046875,47,2019121415,6,2022);
INSERT INTO TBL_SALARY(OVERTIME_ALLOWANCE_SUM,ACTUAL_PAYMENT,SALARY_NO,EMP_CODE,SALARY_MONTH,SALARY_YEAR)
    VALUES(61875,2261875,48,2002080116,6,2022);
INSERT INTO TBL_SALARY(OVERTIME_ALLOWANCE_SUM,ACTUAL_PAYMENT,SALARY_NO,EMP_CODE,SALARY_MONTH,SALARY_YEAR)
    VALUES(78750,2878750,49,2003112617,6,2022);
INSERT INTO TBL_SALARY(OVERTIME_ALLOWANCE_SUM,ACTUAL_PAYMENT,SALARY_NO,EMP_CODE,SALARY_MONTH,SALARY_YEAR)
    VALUES(84375,3084375,50,2007052418,6,2022);
INSERT INTO TBL_SALARY(OVERTIME_ALLOWANCE_SUM,ACTUAL_PAYMENT,SALARY_NO,EMP_CODE,SALARY_MONTH,SALARY_YEAR)
    VALUES(164063,3664063,51,2012022119,6,2022);
INSERT INTO TBL_SALARY(OVERTIME_ALLOWANCE_SUM,ACTUAL_PAYMENT,SALARY_NO,EMP_CODE,SALARY_MONTH,SALARY_YEAR)
    VALUES(187500,5187500,52,2021062020,6,2022);
INSERT INTO TBL_SALARY(OVERTIME_ALLOWANCE_SUM,ACTUAL_PAYMENT,SALARY_NO,EMP_CODE,SALARY_MONTH,SALARY_YEAR)
    VALUES(41250,2241250,53,2013122121,6,2022);
INSERT INTO TBL_SALARY(OVERTIME_ALLOWANCE_SUM,ACTUAL_PAYMENT,SALARY_NO,EMP_CODE,SALARY_MONTH,SALARY_YEAR)
    VALUES(105000,2905000,54,2012122622,6,2022);
INSERT INTO TBL_SALARY(OVERTIME_ALLOWANCE_SUM,ACTUAL_PAYMENT,SALARY_NO,EMP_CODE,SALARY_MONTH,SALARY_YEAR)
    VALUES(56250,3056250,55,2016080123,6,2022);
INSERT INTO TBL_SALARY(OVERTIME_ALLOWANCE_SUM,ACTUAL_PAYMENT,SALARY_NO,EMP_CODE,SALARY_MONTH,SALARY_YEAR)
    VALUES(164063,3664063,56,2014091424,6,2022);
INSERT INTO TBL_SALARY(OVERTIME_ALLOWANCE_SUM,ACTUAL_PAYMENT,SALARY_NO,EMP_CODE,SALARY_MONTH,SALARY_YEAR)
    VALUES(234375,5234375,57,2008052425,6,2022);
INSERT INTO TBL_SALARY(OVERTIME_ALLOWANCE_SUM,ACTUAL_PAYMENT,SALARY_NO,EMP_CODE,SALARY_MONTH,SALARY_YEAR)
    VALUES(41250,2241250,58,2020031726,6,2022);
INSERT INTO TBL_SALARY(OVERTIME_ALLOWANCE_SUM,ACTUAL_PAYMENT,SALARY_NO,EMP_CODE,SALARY_MONTH,SALARY_YEAR)
    VALUES(52500,2852500,59,2008022227,6,2022);
INSERT INTO TBL_SALARY(OVERTIME_ALLOWANCE_SUM,ACTUAL_PAYMENT,SALARY_NO,EMP_CODE,SALARY_MONTH,SALARY_YEAR)
    VALUES(56250,3056250,60,2022010128,6,2022);
INSERT INTO TBL_SALARY(OVERTIME_ALLOWANCE_SUM,ACTUAL_PAYMENT,SALARY_NO,EMP_CODE,SALARY_MONTH,SALARY_YEAR)
    VALUES(164063,3664063,61,2002011829,6,2022);
INSERT INTO TBL_SALARY(OVERTIME_ALLOWANCE_SUM,ACTUAL_PAYMENT,SALARY_NO,EMP_CODE,SALARY_MONTH,SALARY_YEAR)
    VALUES(93750,5093750,62,2021062730,6,2022);
INSERT INTO TBL_SALARY(OVERTIME_ALLOWANCE_SUM,ACTUAL_PAYMENT,SALARY_NO,EMP_CODE,SALARY_MONTH,SALARY_YEAR)
    VALUES(0,7000000,63,2000030331,6,2022);
INSERT INTO TBL_SALARY(OVERTIME_ALLOWANCE_SUM,ACTUAL_PAYMENT,SALARY_NO,EMP_CODE,SALARY_MONTH,SALARY_YEAR)
    VALUES(468750,10468750,64,2000030332,6,2022);

/* 퇴직금 내역 */
INSERT INTO TBL_RETIRING_ALLOWANCE(RETIREMENT_ACTUAL_PAYMENT,EMP_CODE,RETIREMENT_STATUS)
    VALUES(95000000,200305171,'Y');
INSERT INTO TBL_RETIRING_ALLOWANCE(RETIREMENT_ACTUAL_PAYMENT,EMP_CODE,RETIREMENT_STATUS)
    VALUES(24000000,201409212,'Y');
INSERT INTO TBL_RETIRING_ALLOWANCE(RETIREMENT_ACTUAL_PAYMENT,EMP_CODE,RETIREMENT_STATUS)
    VALUES(17400000,201611183,'Y');
INSERT INTO TBL_RETIRING_ALLOWANCE(RETIREMENT_ACTUAL_PAYMENT,EMP_CODE,RETIREMENT_STATUS)
    VALUES(72000000,200608145,'Y');
INSERT INTO TBL_RETIRING_ALLOWANCE(RETIREMENT_ACTUAL_PAYMENT,EMP_CODE,RETIREMENT_STATUS)
    VALUES(12500000,201710087,'Y');
INSERT INTO TBL_RETIRING_ALLOWANCE(RETIREMENT_ACTUAL_PAYMENT,EMP_CODE,RETIREMENT_STATUS)
    VALUES(86400000,200404018,'Y');
INSERT INTO TBL_RETIRING_ALLOWANCE(RETIREMENT_ACTUAL_PAYMENT,EMP_CODE,RETIREMENT_STATUS)
    VALUES(75600000,2004042611,'N');
INSERT INTO TBL_RETIRING_ALLOWANCE(RETIREMENT_ACTUAL_PAYMENT,EMP_CODE,RETIREMENT_STATUS)
    VALUES(45600000,2010071514,'N');
INSERT INTO TBL_RETIRING_ALLOWANCE(RETIREMENT_ACTUAL_PAYMENT,EMP_CODE,RETIREMENT_STATUS)
    VALUES(81700000,2003112617,'Y');
INSERT INTO TBL_RETIRING_ALLOWANCE(RETIREMENT_ACTUAL_PAYMENT,EMP_CODE,RETIREMENT_STATUS)
    VALUES(63750000,2007052418,'Y');

/* 증명서 종류 */
INSERT INTO TBL_CERTIFICATION(CERTIFICATE_TYPE_CODE,CERTIFICATE_TYPE)
    VALUES('H1','경력증명서');
INSERT INTO TBL_CERTIFICATION(CERTIFICATE_TYPE_CODE,CERTIFICATE_TYPE)
    VALUES('H2','재직증명서');


/* 증명서 */
INSERT INTO TBL_CERTIFICATE(CERTIFICATE_CODE,EMP_NAME,PURPOSE,PUBLISHED_DATE,EMP_CODE,CERTIFICATE_TYPE_CODE)
    VALUES('1','이지운','금융기관제출용','2022-07-03',200305171,'H1');
INSERT INTO TBL_CERTIFICATE(CERTIFICATE_CODE,EMP_NAME,PURPOSE,PUBLISHED_DATE,EMP_CODE,CERTIFICATE_TYPE_CODE)
    VALUES('2','전준항','금융기관제출용','2022-07-03',201409034,'H1');
INSERT INTO TBL_CERTIFICATE(CERTIFICATE_CODE,EMP_NAME,PURPOSE,PUBLISHED_DATE,EMP_CODE,CERTIFICATE_TYPE_CODE)
    VALUES('3','방명숙','금융기관제출용','2022-07-03',202206036,'H1');
INSERT INTO TBL_CERTIFICATE(CERTIFICATE_CODE,EMP_NAME,PURPOSE,PUBLISHED_DATE,EMP_CODE,CERTIFICATE_TYPE_CODE)
    VALUES('4','정상수','금융기관제출용','2022-07-03',201408129,'H1');
INSERT INTO TBL_CERTIFICATE(CERTIFICATE_CODE,EMP_NAME,PURPOSE,PUBLISHED_DATE,EMP_CODE,CERTIFICATE_TYPE_CODE)
    VALUES('5','성진아','금융기관제출용','2022-07-03',2017090910,'H1');
INSERT INTO TBL_CERTIFICATE(CERTIFICATE_CODE,EMP_NAME,PURPOSE,PUBLISHED_DATE,EMP_CODE,CERTIFICATE_TYPE_CODE)
    VALUES('6','홍인수','금융기관제출용','2022-07-03',2020060812,'H1');
INSERT INTO TBL_CERTIFICATE(CERTIFICATE_CODE,EMP_NAME,PURPOSE,PUBLISHED_DATE,EMP_CODE,CERTIFICATE_TYPE_CODE)
    VALUES('7','박세영','금융기관제출용','2022-07-03',2006100513,'H1');
INSERT INTO TBL_CERTIFICATE(CERTIFICATE_CODE,EMP_NAME,PURPOSE,PUBLISHED_DATE,EMP_CODE,CERTIFICATE_TYPE_CODE)
    VALUES('8','노진호','금융기관제출용','2022-07-03',2019121415,'H1');
INSERT INTO TBL_CERTIFICATE(CERTIFICATE_CODE,EMP_NAME,PURPOSE,PUBLISHED_DATE,EMP_CODE,CERTIFICATE_TYPE_CODE)
    VALUES('9','권효빈','금융기관제출용','2022-07-03',2002080116,'H1');
INSERT INTO TBL_CERTIFICATE(CERTIFICATE_CODE,EMP_NAME,PURPOSE,PUBLISHED_DATE,EMP_CODE,CERTIFICATE_TYPE_CODE)
    VALUES('10','황우선','금융기관제출용','2022-07-03',2012022119,'H1');
INSERT INTO TBL_CERTIFICATE(CERTIFICATE_CODE,EMP_NAME,PURPOSE,PUBLISHED_DATE,EMP_CODE,CERTIFICATE_TYPE_CODE)
    VALUES('11','안상수','금융기관제출용','2022-07-03',2021062020,'H1');
INSERT INTO TBL_CERTIFICATE(CERTIFICATE_CODE,EMP_NAME,PURPOSE,PUBLISHED_DATE,EMP_CODE,CERTIFICATE_TYPE_CODE)
    VALUES('12','공병지','금융기관제출용','2022-07-03',2013122121,'H1');
INSERT INTO TBL_CERTIFICATE(CERTIFICATE_CODE,EMP_NAME,PURPOSE,PUBLISHED_DATE,EMP_CODE,CERTIFICATE_TYPE_CODE)
    VALUES('13','심지현','금융기관제출용','2022-07-03',2012122622,'H1');
INSERT INTO TBL_CERTIFICATE(CERTIFICATE_CODE,EMP_NAME,PURPOSE,PUBLISHED_DATE,EMP_CODE,CERTIFICATE_TYPE_CODE)
    VALUES('14','유유미','금융기관제출용','2022-07-03',2016080123,'H1');
INSERT INTO TBL_CERTIFICATE(CERTIFICATE_CODE,EMP_NAME,PURPOSE,PUBLISHED_DATE,EMP_CODE,CERTIFICATE_TYPE_CODE)
    VALUES('15','문서현','금융기관제출용','2022-07-03',2014091424,'H1');
INSERT INTO TBL_CERTIFICATE(CERTIFICATE_CODE,EMP_NAME,PURPOSE,PUBLISHED_DATE,EMP_CODE,CERTIFICATE_TYPE_CODE)
    VALUES('16','하효남','금융기관제출용','2022-07-03',2008052425,'H1');
INSERT INTO TBL_CERTIFICATE(CERTIFICATE_CODE,EMP_NAME,PURPOSE,PUBLISHED_DATE,EMP_CODE,CERTIFICATE_TYPE_CODE)
    VALUES('17','유수호','금융기관제출용','2022-07-03',2020031726,'H1');
INSERT INTO TBL_CERTIFICATE(CERTIFICATE_CODE,EMP_NAME,PURPOSE,PUBLISHED_DATE,EMP_CODE,CERTIFICATE_TYPE_CODE)
    VALUES('18','심도하','금융기관제출용','2022-07-03',2008022227,'H1');
INSERT INTO TBL_CERTIFICATE(CERTIFICATE_CODE,EMP_NAME,PURPOSE,PUBLISHED_DATE,EMP_CODE,CERTIFICATE_TYPE_CODE)
    VALUES('19','봉태윤','금융기관제출용','2022-07-03',2022010128,'H1');
INSERT INTO TBL_CERTIFICATE(CERTIFICATE_CODE,EMP_NAME,PURPOSE,PUBLISHED_DATE,EMP_CODE,CERTIFICATE_TYPE_CODE)
    VALUES('20','봉준오','금융기관제출용','2022-07-03',2002011829,'H1');
INSERT INTO TBL_CERTIFICATE(CERTIFICATE_CODE,EMP_NAME,PURPOSE,PUBLISHED_DATE,EMP_CODE,CERTIFICATE_TYPE_CODE)
    VALUES('21','김철수','금융기관제출용','2022-07-03',2021062730,'H1');
INSERT INTO TBL_CERTIFICATE(CERTIFICATE_CODE,EMP_NAME,PURPOSE,PUBLISHED_DATE,EMP_CODE,CERTIFICATE_TYPE_CODE)
    VALUES('22','나이사','금융기관제출용','2022-07-03',2000030331,'H1');
INSERT INTO TBL_CERTIFICATE(CERTIFICATE_CODE,EMP_NAME,PURPOSE,PUBLISHED_DATE,EMP_CODE,CERTIFICATE_TYPE_CODE)
    VALUES('23','나대표','금융기관제출용','2022-07-03',2000030332,'H1');
INSERT INTO TBL_CERTIFICATE(CERTIFICATE_CODE,EMP_NAME,PURPOSE,PUBLISHED_DATE,EMP_CODE,CERTIFICATE_TYPE_CODE)
    VALUES('24','이지운','금융기관제출용','2022-07-03',200305171,'H2');
INSERT INTO TBL_CERTIFICATE(CERTIFICATE_CODE,EMP_NAME,PURPOSE,PUBLISHED_DATE,EMP_CODE,CERTIFICATE_TYPE_CODE)
    VALUES('25','전준항','금융기관제출용','2022-07-03',201409034,'H2');
INSERT INTO TBL_CERTIFICATE(CERTIFICATE_CODE,EMP_NAME,PURPOSE,PUBLISHED_DATE,EMP_CODE,CERTIFICATE_TYPE_CODE)
    VALUES('26','방명숙','금융기관제출용','2022-07-03',202206036,'H2');
INSERT INTO TBL_CERTIFICATE(CERTIFICATE_CODE,EMP_NAME,PURPOSE,PUBLISHED_DATE,EMP_CODE,CERTIFICATE_TYPE_CODE)
    VALUES('27','정상수','금융기관제출용','2022-07-03',201408129,'H2');
INSERT INTO TBL_CERTIFICATE(CERTIFICATE_CODE,EMP_NAME,PURPOSE,PUBLISHED_DATE,EMP_CODE,CERTIFICATE_TYPE_CODE)
    VALUES('28','성진아','금융기관제출용','2022-07-03',2017090910,'H2');
INSERT INTO TBL_CERTIFICATE(CERTIFICATE_CODE,EMP_NAME,PURPOSE,PUBLISHED_DATE,EMP_CODE,CERTIFICATE_TYPE_CODE)
    VALUES('29','홍인수','금융기관제출용','2022-07-03',2020060812,'H2');
INSERT INTO TBL_CERTIFICATE(CERTIFICATE_CODE,EMP_NAME,PURPOSE,PUBLISHED_DATE,EMP_CODE,CERTIFICATE_TYPE_CODE)
    VALUES('30','박세영','금융기관제출용','2022-07-03',2006100513,'H2');
INSERT INTO TBL_CERTIFICATE(CERTIFICATE_CODE,EMP_NAME,PURPOSE,PUBLISHED_DATE,EMP_CODE,CERTIFICATE_TYPE_CODE)
    VALUES('31','노진호','금융기관제출용','2022-07-03',2019121415,'H2');
INSERT INTO TBL_CERTIFICATE(CERTIFICATE_CODE,EMP_NAME,PURPOSE,PUBLISHED_DATE,EMP_CODE,CERTIFICATE_TYPE_CODE)
    VALUES('32','권효빈','금융기관제출용','2022-07-03',2002080116,'H2');
INSERT INTO TBL_CERTIFICATE(CERTIFICATE_CODE,EMP_NAME,PURPOSE,PUBLISHED_DATE,EMP_CODE,CERTIFICATE_TYPE_CODE)
    VALUES('33','황우선','금융기관제출용','2022-07-03',2012022119,'H2');
INSERT INTO TBL_CERTIFICATE(CERTIFICATE_CODE,EMP_NAME,PURPOSE,PUBLISHED_DATE,EMP_CODE,CERTIFICATE_TYPE_CODE)
    VALUES('34','안상수','금융기관제출용','2022-07-03',2021062020,'H2');
INSERT INTO TBL_CERTIFICATE(CERTIFICATE_CODE,EMP_NAME,PURPOSE,PUBLISHED_DATE,EMP_CODE,CERTIFICATE_TYPE_CODE)
    VALUES('35','공병지','금융기관제출용','2022-07-03',2013122121,'H2');
INSERT INTO TBL_CERTIFICATE(CERTIFICATE_CODE,EMP_NAME,PURPOSE,PUBLISHED_DATE,EMP_CODE,CERTIFICATE_TYPE_CODE)
    VALUES('36','심지현','금융기관제출용','2022-07-03',2012122622,'H2');
INSERT INTO TBL_CERTIFICATE(CERTIFICATE_CODE,EMP_NAME,PURPOSE,PUBLISHED_DATE,EMP_CODE,CERTIFICATE_TYPE_CODE)
    VALUES('37','유유미','금융기관제출용','2022-07-03',2016080123,'H2');
INSERT INTO TBL_CERTIFICATE(CERTIFICATE_CODE,EMP_NAME,PURPOSE,PUBLISHED_DATE,EMP_CODE,CERTIFICATE_TYPE_CODE)
    VALUES('38','문서현','금융기관제출용','2022-07-03',2014091424,'H2');
INSERT INTO TBL_CERTIFICATE(CERTIFICATE_CODE,EMP_NAME,PURPOSE,PUBLISHED_DATE,EMP_CODE,CERTIFICATE_TYPE_CODE)
    VALUES('39','하효남','금융기관제출용','2022-07-03',2008052425,'H2');
INSERT INTO TBL_CERTIFICATE(CERTIFICATE_CODE,EMP_NAME,PURPOSE,PUBLISHED_DATE,EMP_CODE,CERTIFICATE_TYPE_CODE)
    VALUES('40','유수호','금융기관제출용','2022-07-03',2020031726,'H2');
INSERT INTO TBL_CERTIFICATE(CERTIFICATE_CODE,EMP_NAME,PURPOSE,PUBLISHED_DATE,EMP_CODE,CERTIFICATE_TYPE_CODE)
    VALUES('41','심도하','금융기관제출용','2022-07-03',2008022227,'H2');
INSERT INTO TBL_CERTIFICATE(CERTIFICATE_CODE,EMP_NAME,PURPOSE,PUBLISHED_DATE,EMP_CODE,CERTIFICATE_TYPE_CODE)
    VALUES('42','봉태윤','금융기관제출용','2022-07-03',2022010128,'H2');
INSERT INTO TBL_CERTIFICATE(CERTIFICATE_CODE,EMP_NAME,PURPOSE,PUBLISHED_DATE,EMP_CODE,CERTIFICATE_TYPE_CODE)
    VALUES('43','봉준오','금융기관제출용','2022-07-03',2002011829,'H2');
INSERT INTO TBL_CERTIFICATE(CERTIFICATE_CODE,EMP_NAME,PURPOSE,PUBLISHED_DATE,EMP_CODE,CERTIFICATE_TYPE_CODE)
    VALUES('44','김철수','금융기관제출용','2022-07-03',2021062730,'H2');
INSERT INTO TBL_CERTIFICATE(CERTIFICATE_CODE,EMP_NAME,PURPOSE,PUBLISHED_DATE,EMP_CODE,CERTIFICATE_TYPE_CODE)
    VALUES('45','나이사','금융기관제출용','2022-07-03',2000030331,'H2');
INSERT INTO TBL_CERTIFICATE(CERTIFICATE_CODE,EMP_NAME,PURPOSE,PUBLISHED_DATE,EMP_CODE,CERTIFICATE_TYPE_CODE)
    VALUES('46','나대표','금융기관제출용','2022-07-03',2000030332,'H2');


/* 수목 */
-- 상품 카테고리 샘플데이터
INSERT INTO TBL_PRODUCT_CATEGORY(CATEGORY_CODE,CATEGORY_NAME)
    VALUES('C1','생활가전');
INSERT INTO TBL_PRODUCT_CATEGORY(CATEGORY_CODE,CATEGORY_NAME)
    VALUES('C2','주방가전');

-- 창고 관리 샘플 데이터 
INSERT INTO TBL_STORAGE(STORAGE_NO,STORAGE_NAME,STORAGE_MANAGER_PHONE,EMP_CODE, STORAGE_STATUS)
    VALUES(1,'본사창고','01070747789',2002080116, 'N');
INSERT INTO TBL_STORAGE(STORAGE_NO,STORAGE_NAME,STORAGE_MANAGER_PHONE,EMP_CODE, STORAGE_STATUS)
    VALUES(2,'포천창고','01094462097',2003112617, 'N');
INSERT INTO TBL_STORAGE(STORAGE_NO,STORAGE_NAME,STORAGE_MANAGER_PHONE,EMP_CODE, STORAGE_STATUS)
    VALUES(3,'파주창고','01094556471',2007052418, 'N');
INSERT INTO TBL_STORAGE(STORAGE_NO,STORAGE_NAME,STORAGE_MANAGER_PHONE,EMP_CODE, STORAGE_STATUS)
    VALUES(4,'의정부창고','01040260141',2012022119, 'N');
INSERT INTO TBL_STORAGE(STORAGE_NO,STORAGE_NAME,STORAGE_MANAGER_PHONE,EMP_CODE, STORAGE_STATUS)
    VALUES(5,'남양주창고','01077984369',2021062020, 'N');

-- 상품관리 샘플 데이터
INSERT INTO TBL_PRODUCT(PRODUCT_CODE,PRODUCT_NAME,PRODUCT_RELEASE,PRODUCT_WAEARING,STORAGE_NO,CATEGORY_CODE,PRODUCT_STATUS)
    VALUES('ASAP1892318','TV',4000000,3000000,1,'C1','Y');
INSERT INTO TBL_PRODUCT(PRODUCT_CODE,PRODUCT_NAME,PRODUCT_RELEASE,PRODUCT_WAEARING,STORAGE_NO,CATEGORY_CODE,PRODUCT_STATUS)
    VALUES('ASAP1338999','에어컨',3000000,2000000,2,'C1','Y');
INSERT INTO TBL_PRODUCT(PRODUCT_CODE,PRODUCT_NAME,PRODUCT_RELEASE,PRODUCT_WAEARING,STORAGE_NO,CATEGORY_CODE,PRODUCT_STATUS)
    VALUES('ASAP1838054','선풍기',2000000,1000000,3,'C1','Y');
INSERT INTO TBL_PRODUCT(PRODUCT_CODE,PRODUCT_NAME,PRODUCT_RELEASE,PRODUCT_WAEARING,STORAGE_NO,CATEGORY_CODE,PRODUCT_STATUS)
    VALUES('ASAP1734242','다리미',1000000,500000,4,'C1','Y');
INSERT INTO TBL_PRODUCT(PRODUCT_CODE,PRODUCT_NAME,PRODUCT_RELEASE,PRODUCT_WAEARING,STORAGE_NO,CATEGORY_CODE,PRODUCT_STATUS)
    VALUES('ASAP1356208','재봉틀',5000000,4000000,5,'C1','Y');
INSERT INTO TBL_PRODUCT(PRODUCT_CODE,PRODUCT_NAME,PRODUCT_RELEASE,PRODUCT_WAEARING,STORAGE_NO,CATEGORY_CODE,PRODUCT_STATUS)
    VALUES('ASAP1651594','세탁기',4000000,3000000,1,'C1','Y');
INSERT INTO TBL_PRODUCT(PRODUCT_CODE,PRODUCT_NAME,PRODUCT_RELEASE,PRODUCT_WAEARING,STORAGE_NO,CATEGORY_CODE,PRODUCT_STATUS)
    VALUES('ASAP1634552','건조기',3000000,2000000,2,'C1','Y');
INSERT INTO TBL_PRODUCT(PRODUCT_CODE,PRODUCT_NAME,PRODUCT_RELEASE,PRODUCT_WAEARING,STORAGE_NO,CATEGORY_CODE,PRODUCT_STATUS)
    VALUES('ASAP1178324','청소기',2000000,1000000,3,'C1','Y');
INSERT INTO TBL_PRODUCT(PRODUCT_CODE,PRODUCT_NAME,PRODUCT_RELEASE,PRODUCT_WAEARING,STORAGE_NO,CATEGORY_CODE,PRODUCT_STATUS)
    VALUES('ASAP1869746','컴퓨터',1000000,500000,4,'C1','Y');
INSERT INTO TBL_PRODUCT(PRODUCT_CODE,PRODUCT_NAME,PRODUCT_RELEASE,PRODUCT_WAEARING,STORAGE_NO,CATEGORY_CODE,PRODUCT_STATUS)
    VALUES('ASAP1997635','노트북',5000000,4000000,5,'C1','Y');
INSERT INTO TBL_PRODUCT(PRODUCT_CODE,PRODUCT_NAME,PRODUCT_RELEASE,PRODUCT_WAEARING,STORAGE_NO,CATEGORY_CODE,PRODUCT_STATUS)
    VALUES('ASAP1276407','마우스',4000000,3000000,1,'C1','Y');
INSERT INTO TBL_PRODUCT(PRODUCT_CODE,PRODUCT_NAME,PRODUCT_RELEASE,PRODUCT_WAEARING,STORAGE_NO,CATEGORY_CODE,PRODUCT_STATUS)
    VALUES('ASAP1751951','키보드',3000000,2000000,2,'C1','Y');
INSERT INTO TBL_PRODUCT(PRODUCT_CODE,PRODUCT_NAME,PRODUCT_RELEASE,PRODUCT_WAEARING,STORAGE_NO,CATEGORY_CODE,PRODUCT_STATUS)
    VALUES('ASAP1733514','헤드셋',2000000,1000000,3,'C1','Y');
INSERT INTO TBL_PRODUCT(PRODUCT_CODE,PRODUCT_NAME,PRODUCT_RELEASE,PRODUCT_WAEARING,STORAGE_NO,CATEGORY_CODE,PRODUCT_STATUS)
    VALUES('ASAP1364837','스탠드',1000000,500000,4,'C1','Y');
INSERT INTO TBL_PRODUCT(PRODUCT_CODE,PRODUCT_NAME,PRODUCT_RELEASE,PRODUCT_WAEARING,STORAGE_NO,CATEGORY_CODE,PRODUCT_STATUS)
    VALUES('ASAP1395443','제습기',5000000,4000000,5,'C1','Y');
INSERT INTO TBL_PRODUCT(PRODUCT_CODE,PRODUCT_NAME,PRODUCT_RELEASE,PRODUCT_WAEARING,STORAGE_NO,CATEGORY_CODE,PRODUCT_STATUS)
    VALUES('ASAP1071784','서큘레이터',4000000,3000000,1,'C1','Y');
INSERT INTO TBL_PRODUCT(PRODUCT_CODE,PRODUCT_NAME,PRODUCT_RELEASE,PRODUCT_WAEARING,STORAGE_NO,CATEGORY_CODE,PRODUCT_STATUS)
    VALUES('ASAP1166363','모니터',3000000,2000000,2,'C1','Y');
INSERT INTO TBL_PRODUCT(PRODUCT_CODE,PRODUCT_NAME,PRODUCT_RELEASE,PRODUCT_WAEARING,STORAGE_NO,CATEGORY_CODE,PRODUCT_STATUS)
    VALUES('ASAP1771618','냉장고',2000000,1000000,3,'C2','Y');
INSERT INTO TBL_PRODUCT(PRODUCT_CODE,PRODUCT_NAME,PRODUCT_RELEASE,PRODUCT_WAEARING,STORAGE_NO,CATEGORY_CODE,PRODUCT_STATUS)
    VALUES('ASAP1833644','김치냉장고',1000000,500000,4,'C2','Y');
INSERT INTO TBL_PRODUCT(PRODUCT_CODE,PRODUCT_NAME,PRODUCT_RELEASE,PRODUCT_WAEARING,STORAGE_NO,CATEGORY_CODE,PRODUCT_STATUS)
    VALUES('ASAP1630564','제빙기',5000000,4000000,5,'C2','N');
INSERT INTO TBL_PRODUCT(PRODUCT_CODE,PRODUCT_NAME,PRODUCT_RELEASE,PRODUCT_WAEARING,STORAGE_NO,CATEGORY_CODE,PRODUCT_STATUS)
    VALUES('ASAP1258262','전기밥솥',4000000,3000000,1,'C2','N');
INSERT INTO TBL_PRODUCT(PRODUCT_CODE,PRODUCT_NAME,PRODUCT_RELEASE,PRODUCT_WAEARING,STORAGE_NO,CATEGORY_CODE,PRODUCT_STATUS)
    VALUES('ASAP1037812','식기세척기',3000000,2000000,2,'C2','N');
INSERT INTO TBL_PRODUCT(PRODUCT_CODE,PRODUCT_NAME,PRODUCT_RELEASE,PRODUCT_WAEARING,STORAGE_NO,CATEGORY_CODE,PRODUCT_STATUS)
    VALUES('ASAP1535877','전기포트',2000000,1000000,3,'C2','N');
INSERT INTO TBL_PRODUCT(PRODUCT_CODE,PRODUCT_NAME,PRODUCT_RELEASE,PRODUCT_WAEARING,STORAGE_NO,CATEGORY_CODE,PRODUCT_STATUS)
    VALUES('ASAP1365542','전자레인지',1000000,500000,4,'C2','N');
INSERT INTO TBL_PRODUCT(PRODUCT_CODE,PRODUCT_NAME,PRODUCT_RELEASE,PRODUCT_WAEARING,STORAGE_NO,CATEGORY_CODE,PRODUCT_STATUS)
    VALUES('ASAP1757478','오븐',5000000,4000000,5,'C2','N');
INSERT INTO TBL_PRODUCT(PRODUCT_CODE,PRODUCT_NAME,PRODUCT_RELEASE,PRODUCT_WAEARING,STORAGE_NO,CATEGORY_CODE,PRODUCT_STATUS)
    VALUES('ASAP1071741','그릴',4000000,3000000,1,'C2','N');
INSERT INTO TBL_PRODUCT(PRODUCT_CODE,PRODUCT_NAME,PRODUCT_RELEASE,PRODUCT_WAEARING,STORAGE_NO,CATEGORY_CODE,PRODUCT_STATUS)
    VALUES('ASAP1527536','커피메이커',3000000,2000000,2,'C2','N');
INSERT INTO TBL_PRODUCT(PRODUCT_CODE,PRODUCT_NAME,PRODUCT_RELEASE,PRODUCT_WAEARING,STORAGE_NO,CATEGORY_CODE,PRODUCT_STATUS)
    VALUES('ASAP1497849','토스트기',2000000,1000000,3,'C2','N');
INSERT INTO TBL_PRODUCT(PRODUCT_CODE,PRODUCT_NAME,PRODUCT_RELEASE,PRODUCT_WAEARING,STORAGE_NO,CATEGORY_CODE,PRODUCT_STATUS)
    VALUES('ASAP1932737','핸드블렌더',1000000,500000,4,'C2','N');
INSERT INTO TBL_PRODUCT(PRODUCT_CODE,PRODUCT_NAME,PRODUCT_RELEASE,PRODUCT_WAEARING,STORAGE_NO,CATEGORY_CODE,PRODUCT_STATUS)
    VALUES('ASAP1955526','원두분쇄기',5000000,4000000,5,'C2','N');
    

-- 거래처 샘플데이터
INSERT INTO TBL_CLIENT(CLIENT_NO,CLIENT_NAME,CLIENT_REPRESENTATIVE_NAME,CLIENT_PHONE,CLIENT_TELEPHONE,CLIENT_EMAIL,CLIENT_ADDRESS,CLIENT_MAINTAIN)
    VALUES(1,'신진물산','조태오','02-302-8394','010-6655-4325','sisdasdf7@naver.com','서울시 강남구 신진빌딩','Y');
INSERT INTO TBL_CLIENT(CLIENT_NO,CLIENT_NAME,CLIENT_REPRESENTATIVE_NAME,CLIENT_PHONE,CLIENT_TELEPHONE,CLIENT_EMAIL,CLIENT_ADDRESS,CLIENT_MAINTAIN)
    VALUES(2,'골드문','이자성','031-225-0594','010-2325-4343','qwre0w9er@naver.com','인천시 강동구 골드문 빌딩','Y');
INSERT INTO TBL_CLIENT(CLIENT_NO,CLIENT_NAME,CLIENT_REPRESENTATIVE_NAME,CLIENT_PHONE,CLIENT_TELEPHONE,CLIENT_EMAIL,CLIENT_ADDRESS,CLIENT_MAINTAIN)
    VALUES(3,'스타크 산업','토니 스타크','02-384-5023','010-2534-0053','sdf82@naver.com','서울시 광진구 스타크 빌딩','Y');
INSERT INTO TBL_CLIENT(CLIENT_NO,CLIENT_NAME,CLIENT_REPRESENTATIVE_NAME,CLIENT_PHONE,CLIENT_TELEPHONE,CLIENT_EMAIL,CLIENT_ADDRESS,CLIENT_MAINTAIN)
    VALUES(4,'석호건설','염다정','02-645-2034','010-0070-3452','uf349dhsajf@naver.com','서울시 중구 석호빌딩','Y');
INSERT INTO TBL_CLIENT(CLIENT_NO,CLIENT_NAME,CLIENT_REPRESENTATIVE_NAME,CLIENT_PHONE,CLIENT_TELEPHONE,CLIENT_EMAIL,CLIENT_ADDRESS,CLIENT_MAINTAIN)
    VALUES(5,'미래자동차','오현수','02-452-9952','010-7653-0927','sadfji345@naver.com','서울시 은평구 미래빌딩','Y');
INSERT INTO TBL_CLIENT(CLIENT_NO,CLIENT_NAME,CLIENT_REPRESENTATIVE_NAME,CLIENT_PHONE,CLIENT_TELEPHONE,CLIENT_EMAIL,CLIENT_ADDRESS,CLIENT_MAINTAIN)
    VALUES(6,'무한상사','유재석','02-893-0342','010-2736-2837','uhcwe7@naver.com','서울시 강남구 무한빌딩','Y');
INSERT INTO TBL_CLIENT(CLIENT_NO,CLIENT_NAME,CLIENT_REPRESENTATIVE_NAME,CLIENT_PHONE,CLIENT_TELEPHONE,CLIENT_EMAIL,CLIENT_ADDRESS,CLIENT_MAINTAIN)
    VALUES(7,'덕소흥신소','최지수','02-432-8282','010-2593-5453','0532jidjf@naver.com','경기도시 덕소읍 대호빌딩 2층','Y');
INSERT INTO TBL_CLIENT(CLIENT_NO,CLIENT_NAME,CLIENT_REPRESENTATIVE_NAME,CLIENT_PHONE,CLIENT_TELEPHONE,CLIENT_EMAIL,CLIENT_ADDRESS,CLIENT_MAINTAIN)
    VALUES(8,'혜영산업','남궁혜영','02-647-0399','010-4987-0987','asndj23@naver.com','서울시 동대문구 혜영빌딩','Y');
INSERT INTO TBL_CLIENT(CLIENT_NO,CLIENT_NAME,CLIENT_REPRESENTATIVE_NAME,CLIENT_PHONE,CLIENT_TELEPHONE,CLIENT_EMAIL,CLIENT_ADDRESS,CLIENT_MAINTAIN)
    VALUES(9,'성준재단','강성준','031-299-5454','010-5987-9647','kasmdlkf@naver.com','인천시 서구 성준빌딩','Y');
INSERT INTO TBL_CLIENT(CLIENT_NO,CLIENT_NAME,CLIENT_REPRESENTATIVE_NAME,CLIENT_PHONE,CLIENT_TELEPHONE,CLIENT_EMAIL,CLIENT_ADDRESS,CLIENT_MAINTAIN)
    VALUES(10,'거제음향','이수목','054-699-0987','010-6584-5643','jsadf83@naver.com','거제시 제기동 조조빌딩 3층','N');
INSERT INTO TBL_CLIENT(CLIENT_NO,CLIENT_NAME,CLIENT_REPRESENTATIVE_NAME,CLIENT_PHONE,CLIENT_TELEPHONE,CLIENT_EMAIL,CLIENT_ADDRESS,CLIENT_MAINTAIN)
    VALUES(11,'은정전자','최은정','02-898-0844','010-3847-5968','askldnkn@naver.com','서울시 강남구 은정빌딩','N');
INSERT INTO TBL_CLIENT(CLIENT_NO,CLIENT_NAME,CLIENT_REPRESENTATIVE_NAME,CLIENT_PHONE,CLIENT_TELEPHONE,CLIENT_EMAIL,CLIENT_ADDRESS,CLIENT_MAINTAIN)
    VALUES(12,'상현물산','윤상현','02-564-3094','010-1839-6857','23idsfhsh@naver.com','서울시 종로구 대일빌딩','Y');
INSERT INTO TBL_CLIENT(CLIENT_NO,CLIENT_NAME,CLIENT_REPRESENTATIVE_NAME,CLIENT_PHONE,CLIENT_TELEPHONE,CLIENT_EMAIL,CLIENT_ADDRESS,CLIENT_MAINTAIN)
    VALUES(13,'용마산용역','김동로','02-188-0102','010-7960-3927','mkfn893@naver.com','서울시 중랑구 동로빌라','Y');

    
-- 입고내역 샘플데이터
INSERT INTO C##ASAP.TBL_RECEIVING_HISTORY (RECEIVING_HISTORY_NO, RECEIVING_COMENT, INVENTORY_DATE, RECEIVING_AMOUNT, PRODUCT_CODE, STORAGE_NO, CLIENT_NO, RECEIVING_STATUS) VALUES (44, '내용없음', TO_DATE('2022-07-26', 'YYYY-MM-DD HH24:MI:SS'), 120, 'ASAP1955526', 1, 13, 'Y');
INSERT INTO C##ASAP.TBL_RECEIVING_HISTORY (RECEIVING_HISTORY_NO, RECEIVING_COMENT, INVENTORY_DATE, RECEIVING_AMOUNT, PRODUCT_CODE, STORAGE_NO, CLIENT_NO, RECEIVING_STATUS) VALUES (46, '내용없음', TO_DATE('2022-07-26', 'YYYY-MM-DD HH24:MI:SS'), 10, 'ASAP1258262', 2, 2, 'Y');
INSERT INTO C##ASAP.TBL_RECEIVING_HISTORY (RECEIVING_HISTORY_NO, RECEIVING_COMENT, INVENTORY_DATE, RECEIVING_AMOUNT, PRODUCT_CODE, STORAGE_NO, CLIENT_NO, RECEIVING_STATUS) VALUES (47, '내용없음', TO_DATE('2022-07-26', 'YYYY-MM-DD HH24:MI:SS'), 20, 'ASAP1037812', 2, 3, 'Y');
INSERT INTO C##ASAP.TBL_RECEIVING_HISTORY (RECEIVING_HISTORY_NO, RECEIVING_COMENT, INVENTORY_DATE, RECEIVING_AMOUNT, PRODUCT_CODE, STORAGE_NO, CLIENT_NO, RECEIVING_STATUS) VALUES (49, '내용없음', TO_DATE('2022-07-26', 'YYYY-MM-DD HH24:MI:SS'), 40, 'ASAP1365542', 2, 5, 'Y');
INSERT INTO C##ASAP.TBL_RECEIVING_HISTORY (RECEIVING_HISTORY_NO, RECEIVING_COMENT, INVENTORY_DATE, RECEIVING_AMOUNT, PRODUCT_CODE, STORAGE_NO, CLIENT_NO, RECEIVING_STATUS) VALUES (50, '내용없음', TO_DATE('2022-07-26', 'YYYY-MM-DD HH24:MI:SS'), 50, 'ASAP1757478', 2, 6, 'Y');
INSERT INTO C##ASAP.TBL_RECEIVING_HISTORY (RECEIVING_HISTORY_NO, RECEIVING_COMENT, INVENTORY_DATE, RECEIVING_AMOUNT, PRODUCT_CODE, STORAGE_NO, CLIENT_NO, RECEIVING_STATUS) VALUES (53, '내용없음', TO_DATE('2022-07-26', 'YYYY-MM-DD HH24:MI:SS'), 80, 'ASAP1497849', 2, 9, 'Y');
INSERT INTO C##ASAP.TBL_RECEIVING_HISTORY (RECEIVING_HISTORY_NO, RECEIVING_COMENT, INVENTORY_DATE, RECEIVING_AMOUNT, PRODUCT_CODE, STORAGE_NO, CLIENT_NO, RECEIVING_STATUS) VALUES (55, '내용없음', TO_DATE('2022-07-26', 'YYYY-MM-DD HH24:MI:SS'), 100, 'ASAP1955526', 2, 13, 'Y');
INSERT INTO C##ASAP.TBL_RECEIVING_HISTORY (RECEIVING_HISTORY_NO, RECEIVING_COMENT, INVENTORY_DATE, RECEIVING_AMOUNT, PRODUCT_CODE, STORAGE_NO, CLIENT_NO, RECEIVING_STATUS) VALUES (36, '내용없음', TO_DATE('2022-07-26', 'YYYY-MM-DD HH24:MI:SS'), 40, 'ASAP1037812', 1, 3, 'Y');
INSERT INTO C##ASAP.TBL_RECEIVING_HISTORY (RECEIVING_HISTORY_NO, RECEIVING_COMENT, INVENTORY_DATE, RECEIVING_AMOUNT, PRODUCT_CODE, STORAGE_NO, CLIENT_NO, RECEIVING_STATUS) VALUES (34, '내용없음', TO_DATE('2022-07-26', 'YYYY-MM-DD HH24:MI:SS'), 1, 'ASAP1630564', 1, 1, 'Y');
INSERT INTO C##ASAP.TBL_RECEIVING_HISTORY (RECEIVING_HISTORY_NO, RECEIVING_COMENT, INVENTORY_DATE, RECEIVING_AMOUNT, PRODUCT_CODE, STORAGE_NO, CLIENT_NO, RECEIVING_STATUS) VALUES (35, '내용없음', TO_DATE('2022-07-26', 'YYYY-MM-DD HH24:MI:SS'), 30, 'ASAP1258262', 1, 2, 'Y');
INSERT INTO C##ASAP.TBL_RECEIVING_HISTORY (RECEIVING_HISTORY_NO, RECEIVING_COMENT, INVENTORY_DATE, RECEIVING_AMOUNT, PRODUCT_CODE, STORAGE_NO, CLIENT_NO, RECEIVING_STATUS) VALUES (37, '내용없음', TO_DATE('2022-07-26', 'YYYY-MM-DD HH24:MI:SS'), 50, 'ASAP1535877', 1, 4, 'Y');
INSERT INTO C##ASAP.TBL_RECEIVING_HISTORY (RECEIVING_HISTORY_NO, RECEIVING_COMENT, INVENTORY_DATE, RECEIVING_AMOUNT, PRODUCT_CODE, STORAGE_NO, CLIENT_NO, RECEIVING_STATUS) VALUES (38, '내용없음', TO_DATE('2022-07-26', 'YYYY-MM-DD HH24:MI:SS'), 60, 'ASAP1365542', 1, 5, 'Y');
INSERT INTO C##ASAP.TBL_RECEIVING_HISTORY (RECEIVING_HISTORY_NO, RECEIVING_COMENT, INVENTORY_DATE, RECEIVING_AMOUNT, PRODUCT_CODE, STORAGE_NO, CLIENT_NO, RECEIVING_STATUS) VALUES (39, '내용없음', TO_DATE('2022-07-26', 'YYYY-MM-DD HH24:MI:SS'), 70, 'ASAP1757478', 1, 6, 'Y');
INSERT INTO C##ASAP.TBL_RECEIVING_HISTORY (RECEIVING_HISTORY_NO, RECEIVING_COMENT, INVENTORY_DATE, RECEIVING_AMOUNT, PRODUCT_CODE, STORAGE_NO, CLIENT_NO, RECEIVING_STATUS) VALUES (40, '내용없음', TO_DATE('2022-07-26', 'YYYY-MM-DD HH24:MI:SS'), 80, 'ASAP1071741', 1, 7, 'Y');
INSERT INTO C##ASAP.TBL_RECEIVING_HISTORY (RECEIVING_HISTORY_NO, RECEIVING_COMENT, INVENTORY_DATE, RECEIVING_AMOUNT, PRODUCT_CODE, STORAGE_NO, CLIENT_NO, RECEIVING_STATUS) VALUES (41, '내용없음', TO_DATE('2022-07-26', 'YYYY-MM-DD HH24:MI:SS'), 90, 'ASAP1527536', 1, 8, 'Y');
INSERT INTO C##ASAP.TBL_RECEIVING_HISTORY (RECEIVING_HISTORY_NO, RECEIVING_COMENT, INVENTORY_DATE, RECEIVING_AMOUNT, PRODUCT_CODE, STORAGE_NO, CLIENT_NO, RECEIVING_STATUS) VALUES (42, '내용없음', TO_DATE('2022-07-26', 'YYYY-MM-DD HH24:MI:SS'), 100, 'ASAP1497849', 1, 9, 'Y');
INSERT INTO C##ASAP.TBL_RECEIVING_HISTORY (RECEIVING_HISTORY_NO, RECEIVING_COMENT, INVENTORY_DATE, RECEIVING_AMOUNT, PRODUCT_CODE, STORAGE_NO, CLIENT_NO, RECEIVING_STATUS) VALUES (43, '내용없음', TO_DATE('2022-07-26', 'YYYY-MM-DD HH24:MI:SS'), 110, 'ASAP1932737', 1, 12, 'Y');
INSERT INTO C##ASAP.TBL_RECEIVING_HISTORY (RECEIVING_HISTORY_NO, RECEIVING_COMENT, INVENTORY_DATE, RECEIVING_AMOUNT, PRODUCT_CODE, STORAGE_NO, CLIENT_NO, RECEIVING_STATUS) VALUES (45, '내용없음', TO_DATE('2022-07-26', 'YYYY-MM-DD HH24:MI:SS'), 1, 'ASAP1630564', 2, 1, 'Y');
INSERT INTO C##ASAP.TBL_RECEIVING_HISTORY (RECEIVING_HISTORY_NO, RECEIVING_COMENT, INVENTORY_DATE, RECEIVING_AMOUNT, PRODUCT_CODE, STORAGE_NO, CLIENT_NO, RECEIVING_STATUS) VALUES (48, '내용없음', TO_DATE('2022-07-26', 'YYYY-MM-DD HH24:MI:SS'), 30, 'ASAP1535877', 2, 4, 'Y');
INSERT INTO C##ASAP.TBL_RECEIVING_HISTORY (RECEIVING_HISTORY_NO, RECEIVING_COMENT, INVENTORY_DATE, RECEIVING_AMOUNT, PRODUCT_CODE, STORAGE_NO, CLIENT_NO, RECEIVING_STATUS) VALUES (51, '내용없음', TO_DATE('2022-07-26', 'YYYY-MM-DD HH24:MI:SS'), 60, 'ASAP1071741', 2, 7, 'Y');
INSERT INTO C##ASAP.TBL_RECEIVING_HISTORY (RECEIVING_HISTORY_NO, RECEIVING_COMENT, INVENTORY_DATE, RECEIVING_AMOUNT, PRODUCT_CODE, STORAGE_NO, CLIENT_NO, RECEIVING_STATUS) VALUES (52, '내용없음', TO_DATE('2022-07-26', 'YYYY-MM-DD HH24:MI:SS'), 70, 'ASAP1527536', 2, 8, 'Y');
INSERT INTO C##ASAP.TBL_RECEIVING_HISTORY (RECEIVING_HISTORY_NO, RECEIVING_COMENT, INVENTORY_DATE, RECEIVING_AMOUNT, PRODUCT_CODE, STORAGE_NO, CLIENT_NO, RECEIVING_STATUS) VALUES (54, '내용없음', TO_DATE('2022-07-26', 'YYYY-MM-DD HH24:MI:SS'), 90, 'ASAP1932737', 2, 12, 'Y');

-- 재고현황 샘플 데이터
INSERT INTO C##ASAP.TBL_STOCK_HISTORY (STOCK_NO, STOCK_QUANTITY, PRODUCT_CODE, STORAGE_NO) VALUES (44, 120, 'ASAP1955526', 1);
INSERT INTO C##ASAP.TBL_STOCK_HISTORY (STOCK_NO, STOCK_QUANTITY, PRODUCT_CODE, STORAGE_NO) VALUES (46, 10, 'ASAP1258262', 2);
INSERT INTO C##ASAP.TBL_STOCK_HISTORY (STOCK_NO, STOCK_QUANTITY, PRODUCT_CODE, STORAGE_NO) VALUES (47, 20, 'ASAP1037812', 2);
INSERT INTO C##ASAP.TBL_STOCK_HISTORY (STOCK_NO, STOCK_QUANTITY, PRODUCT_CODE, STORAGE_NO) VALUES (49, 40, 'ASAP1365542', 2);
INSERT INTO C##ASAP.TBL_STOCK_HISTORY (STOCK_NO, STOCK_QUANTITY, PRODUCT_CODE, STORAGE_NO) VALUES (50, 50, 'ASAP1757478', 2);
INSERT INTO C##ASAP.TBL_STOCK_HISTORY (STOCK_NO, STOCK_QUANTITY, PRODUCT_CODE, STORAGE_NO) VALUES (53, 80, 'ASAP1497849', 2);
INSERT INTO C##ASAP.TBL_STOCK_HISTORY (STOCK_NO, STOCK_QUANTITY, PRODUCT_CODE, STORAGE_NO) VALUES (55, 100, 'ASAP1955526', 2);
INSERT INTO C##ASAP.TBL_STOCK_HISTORY (STOCK_NO, STOCK_QUANTITY, PRODUCT_CODE, STORAGE_NO) VALUES (36, 40, 'ASAP1037812', 1);
INSERT INTO C##ASAP.TBL_STOCK_HISTORY (STOCK_NO, STOCK_QUANTITY, PRODUCT_CODE, STORAGE_NO) VALUES (34, 1, 'ASAP1630564', 1);
INSERT INTO C##ASAP.TBL_STOCK_HISTORY (STOCK_NO, STOCK_QUANTITY, PRODUCT_CODE, STORAGE_NO) VALUES (35, 30, 'ASAP1258262', 1);
INSERT INTO C##ASAP.TBL_STOCK_HISTORY (STOCK_NO, STOCK_QUANTITY, PRODUCT_CODE, STORAGE_NO) VALUES (37, 50, 'ASAP1535877', 1);
INSERT INTO C##ASAP.TBL_STOCK_HISTORY (STOCK_NO, STOCK_QUANTITY, PRODUCT_CODE, STORAGE_NO) VALUES (38, 60, 'ASAP1365542', 1);
INSERT INTO C##ASAP.TBL_STOCK_HISTORY (STOCK_NO, STOCK_QUANTITY, PRODUCT_CODE, STORAGE_NO) VALUES (39, 70, 'ASAP1757478', 1);
INSERT INTO C##ASAP.TBL_STOCK_HISTORY (STOCK_NO, STOCK_QUANTITY, PRODUCT_CODE, STORAGE_NO) VALUES (40, 80, 'ASAP1071741', 1);
INSERT INTO C##ASAP.TBL_STOCK_HISTORY (STOCK_NO, STOCK_QUANTITY, PRODUCT_CODE, STORAGE_NO) VALUES (41, 90, 'ASAP1527536', 1);
INSERT INTO C##ASAP.TBL_STOCK_HISTORY (STOCK_NO, STOCK_QUANTITY, PRODUCT_CODE, STORAGE_NO) VALUES (42, 100, 'ASAP1497849', 1);
INSERT INTO C##ASAP.TBL_STOCK_HISTORY (STOCK_NO, STOCK_QUANTITY, PRODUCT_CODE, STORAGE_NO) VALUES (43, 110, 'ASAP1932737', 1);
INSERT INTO C##ASAP.TBL_STOCK_HISTORY (STOCK_NO, STOCK_QUANTITY, PRODUCT_CODE, STORAGE_NO) VALUES (45, 1, 'ASAP1630564', 2);
INSERT INTO C##ASAP.TBL_STOCK_HISTORY (STOCK_NO, STOCK_QUANTITY, PRODUCT_CODE, STORAGE_NO) VALUES (48, 30, 'ASAP1535877', 2);
INSERT INTO C##ASAP.TBL_STOCK_HISTORY (STOCK_NO, STOCK_QUANTITY, PRODUCT_CODE, STORAGE_NO) VALUES (51, 60, 'ASAP1071741', 2);
INSERT INTO C##ASAP.TBL_STOCK_HISTORY (STOCK_NO, STOCK_QUANTITY, PRODUCT_CODE, STORAGE_NO) VALUES (52, 70, 'ASAP1527536', 2);
INSERT INTO C##ASAP.TBL_STOCK_HISTORY (STOCK_NO, STOCK_QUANTITY, PRODUCT_CODE, STORAGE_NO) VALUES (54, 90, 'ASAP1932737', 2);

-- 재고수불부 샘플 데이터
INSERT INTO C##ASAP.TBL_INVENTORY (INVENTORY_NO, STOCK_NO, PRODUCT_CODE, STORAGE_NO, CLIENT_NO, RECEIVING_HISTORY_NO, SELL_NO) VALUES (14, 44, 'ASAP1955526', 1, 13, 44, null);
INSERT INTO C##ASAP.TBL_INVENTORY (INVENTORY_NO, STOCK_NO, PRODUCT_CODE, STORAGE_NO, CLIENT_NO, RECEIVING_HISTORY_NO, SELL_NO) VALUES (16, 46, 'ASAP1258262', 2, 2, 46, null);
INSERT INTO C##ASAP.TBL_INVENTORY (INVENTORY_NO, STOCK_NO, PRODUCT_CODE, STORAGE_NO, CLIENT_NO, RECEIVING_HISTORY_NO, SELL_NO) VALUES (17, 47, 'ASAP1037812', 2, 3, 47, null);
INSERT INTO C##ASAP.TBL_INVENTORY (INVENTORY_NO, STOCK_NO, PRODUCT_CODE, STORAGE_NO, CLIENT_NO, RECEIVING_HISTORY_NO, SELL_NO) VALUES (19, 49, 'ASAP1365542', 2, 5, 49, null);
INSERT INTO C##ASAP.TBL_INVENTORY (INVENTORY_NO, STOCK_NO, PRODUCT_CODE, STORAGE_NO, CLIENT_NO, RECEIVING_HISTORY_NO, SELL_NO) VALUES (20, 50, 'ASAP1757478', 2, 6, 50, null);
INSERT INTO C##ASAP.TBL_INVENTORY (INVENTORY_NO, STOCK_NO, PRODUCT_CODE, STORAGE_NO, CLIENT_NO, RECEIVING_HISTORY_NO, SELL_NO) VALUES (23, 53, 'ASAP1497849', 2, 9, 53, null);
INSERT INTO C##ASAP.TBL_INVENTORY (INVENTORY_NO, STOCK_NO, PRODUCT_CODE, STORAGE_NO, CLIENT_NO, RECEIVING_HISTORY_NO, SELL_NO) VALUES (25, 55, 'ASAP1955526', 2, 13, 55, null);
INSERT INTO C##ASAP.TBL_INVENTORY (INVENTORY_NO, STOCK_NO, PRODUCT_CODE, STORAGE_NO, CLIENT_NO, RECEIVING_HISTORY_NO, SELL_NO) VALUES (4, 34, 'ASAP1630564', 1, 1, 34, null);
INSERT INTO C##ASAP.TBL_INVENTORY (INVENTORY_NO, STOCK_NO, PRODUCT_CODE, STORAGE_NO, CLIENT_NO, RECEIVING_HISTORY_NO, SELL_NO) VALUES (5, 35, 'ASAP1258262', 1, 2, 35, null);
INSERT INTO C##ASAP.TBL_INVENTORY (INVENTORY_NO, STOCK_NO, PRODUCT_CODE, STORAGE_NO, CLIENT_NO, RECEIVING_HISTORY_NO, SELL_NO) VALUES (6, 36, 'ASAP1037812', 1, 3, 36, null);
INSERT INTO C##ASAP.TBL_INVENTORY (INVENTORY_NO, STOCK_NO, PRODUCT_CODE, STORAGE_NO, CLIENT_NO, RECEIVING_HISTORY_NO, SELL_NO) VALUES (7, 37, 'ASAP1535877', 1, 4, 37, null);
INSERT INTO C##ASAP.TBL_INVENTORY (INVENTORY_NO, STOCK_NO, PRODUCT_CODE, STORAGE_NO, CLIENT_NO, RECEIVING_HISTORY_NO, SELL_NO) VALUES (8, 38, 'ASAP1365542', 1, 5, 38, null);
INSERT INTO C##ASAP.TBL_INVENTORY (INVENTORY_NO, STOCK_NO, PRODUCT_CODE, STORAGE_NO, CLIENT_NO, RECEIVING_HISTORY_NO, SELL_NO) VALUES (9, 39, 'ASAP1757478', 1, 6, 39, null);
INSERT INTO C##ASAP.TBL_INVENTORY (INVENTORY_NO, STOCK_NO, PRODUCT_CODE, STORAGE_NO, CLIENT_NO, RECEIVING_HISTORY_NO, SELL_NO) VALUES (10, 40, 'ASAP1071741', 1, 7, 40, null);
INSERT INTO C##ASAP.TBL_INVENTORY (INVENTORY_NO, STOCK_NO, PRODUCT_CODE, STORAGE_NO, CLIENT_NO, RECEIVING_HISTORY_NO, SELL_NO) VALUES (11, 41, 'ASAP1527536', 1, 8, 41, null);
INSERT INTO C##ASAP.TBL_INVENTORY (INVENTORY_NO, STOCK_NO, PRODUCT_CODE, STORAGE_NO, CLIENT_NO, RECEIVING_HISTORY_NO, SELL_NO) VALUES (12, 42, 'ASAP1497849', 1, 9, 42, null);
INSERT INTO C##ASAP.TBL_INVENTORY (INVENTORY_NO, STOCK_NO, PRODUCT_CODE, STORAGE_NO, CLIENT_NO, RECEIVING_HISTORY_NO, SELL_NO) VALUES (13, 43, 'ASAP1932737', 1, 12, 43, null);
INSERT INTO C##ASAP.TBL_INVENTORY (INVENTORY_NO, STOCK_NO, PRODUCT_CODE, STORAGE_NO, CLIENT_NO, RECEIVING_HISTORY_NO, SELL_NO) VALUES (15, 45, 'ASAP1630564', 2, 1, 45, null);
INSERT INTO C##ASAP.TBL_INVENTORY (INVENTORY_NO, STOCK_NO, PRODUCT_CODE, STORAGE_NO, CLIENT_NO, RECEIVING_HISTORY_NO, SELL_NO) VALUES (18, 48, 'ASAP1535877', 2, 4, 48, null);
INSERT INTO C##ASAP.TBL_INVENTORY (INVENTORY_NO, STOCK_NO, PRODUCT_CODE, STORAGE_NO, CLIENT_NO, RECEIVING_HISTORY_NO, SELL_NO) VALUES (21, 51, 'ASAP1071741', 2, 7, 51, null);
INSERT INTO C##ASAP.TBL_INVENTORY (INVENTORY_NO, STOCK_NO, PRODUCT_CODE, STORAGE_NO, CLIENT_NO, RECEIVING_HISTORY_NO, SELL_NO) VALUES (22, 52, 'ASAP1527536', 2, 8, 52, null);
INSERT INTO C##ASAP.TBL_INVENTORY (INVENTORY_NO, STOCK_NO, PRODUCT_CODE, STORAGE_NO, CLIENT_NO, RECEIVING_HISTORY_NO, SELL_NO) VALUES (24, 54, 'ASAP1932737', 2, 12, 54, null);



INSERT INTO TBL_ORDER_LIST(ORDER_NO,ORDER_DATE,ORDER_PRICE,ORDER_SHIPPING_NO,PRODUCT_CODE,ORDER_SHIPPING_STATUS)
    VALUES(1,'2022/02/22',200000000,2651549494,'ASAP1892318','Y');
INSERT INTO TBL_ORDER_LIST(ORDER_NO,ORDER_DATE,ORDER_PRICE,ORDER_SHIPPING_NO,PRODUCT_CODE,ORDER_SHIPPING_STATUS)
    VALUES(2,'2022/02/23',3300000000,1561479412,'ASAP1338999','Y');
INSERT INTO TBL_ORDER_LIST(ORDER_NO,ORDER_DATE,ORDER_PRICE,ORDER_SHIPPING_NO,PRODUCT_CODE,ORDER_SHIPPING_STATUS)
    VALUES(3,'2022/02/23',200000000,6514748945,'ASAP1838054','Y');
INSERT INTO TBL_ORDER_LIST(ORDER_NO,ORDER_DATE,ORDER_PRICE,ORDER_SHIPPING_NO,PRODUCT_CODE,ORDER_SHIPPING_STATUS)
    VALUES(4,'2022/03/25',150000000,5165123231,'ASAP1734242','Y');
INSERT INTO TBL_ORDER_LIST(ORDER_NO,ORDER_DATE,ORDER_PRICE,ORDER_SHIPPING_NO,PRODUCT_CODE,ORDER_SHIPPING_STATUS)
    VALUES(5,'2022/03/25',1250000000,7894512311,'ASAP1356208','Y');
INSERT INTO TBL_ORDER_LIST(ORDER_NO,ORDER_DATE,ORDER_PRICE,ORDER_SHIPPING_NO,PRODUCT_CODE,ORDER_SHIPPING_STATUS)
    VALUES(6,'2022/03/25',1200000000,789451215,'ASAP1651594','N');
INSERT INTO TBL_ORDER_LIST(ORDER_NO,ORDER_DATE,ORDER_PRICE,ORDER_SHIPPING_NO,PRODUCT_CODE,ORDER_SHIPPING_STATUS)
    VALUES(7,'2022/04/03',720000000,7894512316,'ASAP1634552','Y');
INSERT INTO TBL_ORDER_LIST(ORDER_NO,ORDER_DATE,ORDER_PRICE,ORDER_SHIPPING_NO,PRODUCT_CODE,ORDER_SHIPPING_STATUS)
    VALUES(8,'2022/04/03',260000000,78945123199,'ASAP1178324','Y');
INSERT INTO TBL_ORDER_LIST(ORDER_NO,ORDER_DATE,ORDER_PRICE,ORDER_SHIPPING_NO,PRODUCT_CODE,ORDER_SHIPPING_STATUS)
    VALUES(9,'2022/04/03',670000000,7894512314,'ASAP1869746','Y');
INSERT INTO TBL_ORDER_LIST(ORDER_NO,ORDER_DATE,ORDER_PRICE,ORDER_SHIPPING_NO,PRODUCT_CODE,ORDER_SHIPPING_STATUS)
    VALUES(10,'2022/05/12',1150000000,7894512300,'ASAP1997635','Y');
INSERT INTO TBL_ORDER_LIST(ORDER_NO,ORDER_DATE,ORDER_PRICE,ORDER_SHIPPING_NO,PRODUCT_CODE,ORDER_SHIPPING_STATUS)
    VALUES(11,'2022/05/12',5160000000,7894512313,'ASAP1276407','Y');
INSERT INTO TBL_ORDER_LIST(ORDER_NO,ORDER_DATE,ORDER_PRICE,ORDER_SHIPPING_NO,PRODUCT_CODE,ORDER_SHIPPING_STATUS)
    VALUES(12,'2022/05/12',900000000,78945123115,'ASAP1751951','Y');
INSERT INTO TBL_ORDER_LIST(ORDER_NO,ORDER_DATE,ORDER_PRICE,ORDER_SHIPPING_NO,PRODUCT_CODE,ORDER_SHIPPING_STATUS)
    VALUES(13,'2022/05/16',140000000,7894512325,'ASAP1733514','Y');
INSERT INTO TBL_ORDER_LIST(ORDER_NO,ORDER_DATE,ORDER_PRICE,ORDER_SHIPPING_NO,PRODUCT_CODE,ORDER_SHIPPING_STATUS)
    VALUES(14,'2022/05/17',670000000,2164489756,'ASAP1364837','Y');
INSERT INTO TBL_ORDER_LIST(ORDER_NO,ORDER_DATE,ORDER_PRICE,ORDER_SHIPPING_NO,PRODUCT_CODE,ORDER_SHIPPING_STATUS)
    VALUES(15,'2022/05/30',1150000000,9547232315,'ASAP1395443','Y');
INSERT INTO TBL_ORDER_LIST(ORDER_NO,ORDER_DATE,ORDER_PRICE,ORDER_SHIPPING_NO,PRODUCT_CODE,ORDER_SHIPPING_STATUS)
    VALUES(16,'2022/05/30',5160000000,5894223321,'ASAP1071784','Y');
INSERT INTO TBL_ORDER_LIST(ORDER_NO,ORDER_DATE,ORDER_PRICE,ORDER_SHIPPING_NO,PRODUCT_CODE,ORDER_SHIPPING_STATUS)
    VALUES(17,'2022/05/30',900000000,9587452131,'ASAP1166363','Y');
INSERT INTO TBL_ORDER_LIST(ORDER_NO,ORDER_DATE,ORDER_PRICE,ORDER_SHIPPING_NO,PRODUCT_CODE,ORDER_SHIPPING_STATUS)
    VALUES(18,'2022/06/13',140000000,6565474984,'ASAP1771618','Y');
INSERT INTO TBL_ORDER_LIST(ORDER_NO,ORDER_DATE,ORDER_PRICE,ORDER_SHIPPING_NO,PRODUCT_CODE,ORDER_SHIPPING_STATUS)
    VALUES(19,'2022/07/03',5160000000,6548479321,'ASAP1833644','N');
INSERT INTO TBL_ORDER_LIST(ORDER_NO,ORDER_DATE,ORDER_PRICE,ORDER_SHIPPING_NO,PRODUCT_CODE,ORDER_SHIPPING_STATUS)
    VALUES(20,'2022/07/03',900000000,8589974323,'ASAP1630564','N');



INSERT INTO TBL_SELL_LIST(SELL_NO,SELL_DATE,SELL_AMOUNT,SELL_TOTAL_PRICE,PRODUCT_CODE,CLIENT_NO,STORAGE_NO,SELL_PRICE)
    VALUES(1,'2022/03/15',50,200000000,'ASAP1892318',1,3,4000000);
INSERT INTO TBL_SELL_LIST(SELL_NO,SELL_DATE,SELL_AMOUNT,SELL_TOTAL_PRICE,PRODUCT_CODE,CLIENT_NO,STORAGE_NO,SELL_PRICE)
    VALUES(2,'2022/03/20',1100,3300000000,'ASAP1338999',1,1,3000000);
INSERT INTO TBL_SELL_LIST(SELL_NO,SELL_DATE,SELL_AMOUNT,SELL_TOTAL_PRICE,PRODUCT_CODE,CLIENT_NO,STORAGE_NO,SELL_PRICE)
    VALUES(3,'2022/04/27',100,200000000,'ASAP1838054',1,2,2000000);
INSERT INTO TBL_SELL_LIST(SELL_NO,SELL_DATE,SELL_AMOUNT,SELL_TOTAL_PRICE,PRODUCT_CODE,CLIENT_NO,STORAGE_NO,SELL_PRICE)
    VALUES(4,'2022/05/23',150,150000000,'ASAP1734242',3,3,1000000);
INSERT INTO TBL_SELL_LIST(SELL_NO,SELL_DATE,SELL_AMOUNT,SELL_TOTAL_PRICE,PRODUCT_CODE,CLIENT_NO,STORAGE_NO,SELL_PRICE)
    VALUES(5,'2022/06/17',250,1250000000,'ASAP1356208',4,3,5000000);
INSERT INTO TBL_SELL_LIST(SELL_NO,SELL_DATE,SELL_AMOUNT,SELL_TOTAL_PRICE,PRODUCT_CODE,CLIENT_NO,STORAGE_NO,SELL_PRICE)
    VALUES(6,'2022/06/17',300,1200000000,'ASAP1651594',7,5,4000000);
INSERT INTO TBL_SELL_LIST(SELL_NO,SELL_DATE,SELL_AMOUNT,SELL_TOTAL_PRICE,PRODUCT_CODE,CLIENT_NO,STORAGE_NO,SELL_PRICE)
    VALUES(7,'2022/06/20',240,720000000,'ASAP1634552',10,5,3000000);
INSERT INTO TBL_SELL_LIST(SELL_NO,SELL_DATE,SELL_AMOUNT,SELL_TOTAL_PRICE,PRODUCT_CODE,CLIENT_NO,STORAGE_NO,SELL_PRICE)
    VALUES(8,'2022/06/22',130,260000000,'ASAP1178324',8,4,2000000);
INSERT INTO TBL_SELL_LIST(SELL_NO,SELL_DATE,SELL_AMOUNT,SELL_TOTAL_PRICE,PRODUCT_CODE,CLIENT_NO,STORAGE_NO,SELL_PRICE)
    VALUES(9,'2022/06/22',670,670000000,'ASAP1869746',5,3,1000000);
INSERT INTO TBL_SELL_LIST(SELL_NO,SELL_DATE,SELL_AMOUNT,SELL_TOTAL_PRICE,PRODUCT_CODE,CLIENT_NO,STORAGE_NO,SELL_PRICE)
    VALUES(10,'2022/06/22',230,1150000000,'ASAP1997635',13,4,5000000);
INSERT INTO TBL_SELL_LIST(SELL_NO,SELL_DATE,SELL_AMOUNT,SELL_TOTAL_PRICE,PRODUCT_CODE,CLIENT_NO,STORAGE_NO,SELL_PRICE)
    VALUES(11,'2022/06/27',1290,5160000000,'ASAP1276407',2,2,4000000);
INSERT INTO TBL_SELL_LIST(SELL_NO,SELL_DATE,SELL_AMOUNT,SELL_TOTAL_PRICE,PRODUCT_CODE,CLIENT_NO,STORAGE_NO,SELL_PRICE)
    VALUES(12,'2022/06/30',300,900000000,'ASAP1751951',2,4,3000000);
INSERT INTO TBL_SELL_LIST(SELL_NO,SELL_DATE,SELL_AMOUNT,SELL_TOTAL_PRICE,PRODUCT_CODE,CLIENT_NO,STORAGE_NO,SELL_PRICE)
    VALUES(13,'2022/07/01',70,140000000,'ASAP1733514',11,3,2000000);


-- 발주내역 샘플데이터
INSERT INTO TBL_P_ORDER(P_ORDER_CODE,P_ORDER_DATE,P_ORDER_DEUDATE,P_ORDER_SUMMONEY,P_ORDER_PROGRESS,EMP_CODE)
    VALUES(1,'2022/03/10','2022/03/10',90000000,'완료',201409034);
INSERT INTO TBL_P_ORDER(P_ORDER_CODE,P_ORDER_DATE,P_ORDER_DEUDATE,P_ORDER_SUMMONEY,P_ORDER_PROGRESS,EMP_CODE)
    VALUES(2,'2022/03/10','2022/03/10',53000000,'완료',201409034);
INSERT INTO TBL_P_ORDER(P_ORDER_CODE,P_ORDER_DATE,P_ORDER_DEUDATE,P_ORDER_SUMMONEY,P_ORDER_PROGRESS,EMP_CODE)
    VALUES(3,'2022/03/10','2022/03/10',44000000,'완료',201409034);
INSERT INTO TBL_P_ORDER(P_ORDER_CODE,P_ORDER_DATE,P_ORDER_DEUDATE,P_ORDER_SUMMONEY,P_ORDER_PROGRESS,EMP_CODE)
    VALUES(4,'2022/03/10','2022/03/10',70000000,'완료',201409034);
INSERT INTO TBL_P_ORDER(P_ORDER_CODE,P_ORDER_DATE,P_ORDER_DEUDATE,P_ORDER_SUMMONEY,P_ORDER_PROGRESS,EMP_CODE)
    VALUES(5,'2022/03/10','2022/03/10',43500000,'완료',201409034);
INSERT INTO TBL_P_ORDER(P_ORDER_CODE,P_ORDER_DATE,P_ORDER_DEUDATE,P_ORDER_SUMMONEY,P_ORDER_PROGRESS,EMP_CODE)
    VALUES(6,'2022/03/10','2022/03/10',38000000,'완료',201409034);
INSERT INTO TBL_P_ORDER(P_ORDER_CODE,P_ORDER_DATE,P_ORDER_DEUDATE,P_ORDER_SUMMONEY,P_ORDER_PROGRESS,EMP_CODE)
    VALUES(7,'2022/03/22','2022/03/22',48000000,'완료',201409034);
INSERT INTO TBL_P_ORDER(P_ORDER_CODE,P_ORDER_DATE,P_ORDER_DEUDATE,P_ORDER_SUMMONEY,P_ORDER_PROGRESS,EMP_CODE)
    VALUES(8,'2022/03/22','2022/03/22',22500000,'완료',201409034);
INSERT INTO TBL_P_ORDER(P_ORDER_CODE,P_ORDER_DATE,P_ORDER_DEUDATE,P_ORDER_SUMMONEY,P_ORDER_PROGRESS,EMP_CODE)
    VALUES(9,'2022/03/22','2022/03/22',70000000,'완료',201409034);
INSERT INTO TBL_P_ORDER(P_ORDER_CODE,P_ORDER_DATE,P_ORDER_DEUDATE,P_ORDER_SUMMONEY,P_ORDER_PROGRESS,EMP_CODE)
    VALUES(10,'2022/03/22','2022/03/22',53000000,'완료',201409034);
INSERT INTO TBL_P_ORDER(P_ORDER_CODE,P_ORDER_DATE,P_ORDER_DEUDATE,P_ORDER_SUMMONEY,P_ORDER_PROGRESS,EMP_CODE)
    VALUES(11,'2022/03/22','2022/03/22',59000000,'완료',201409034);
INSERT INTO TBL_P_ORDER(P_ORDER_CODE,P_ORDER_DATE,P_ORDER_DEUDATE,P_ORDER_SUMMONEY,P_ORDER_PROGRESS,EMP_CODE)
    VALUES(12,'2022/04/15','2022/04/15',75000000,'완료',201409034);
INSERT INTO TBL_P_ORDER(P_ORDER_CODE,P_ORDER_DATE,P_ORDER_DEUDATE,P_ORDER_SUMMONEY,P_ORDER_PROGRESS,EMP_CODE)
    VALUES(13,'2022/04/15','2022/04/15',53000000,'완료',201409034);
INSERT INTO TBL_P_ORDER(P_ORDER_CODE,P_ORDER_DATE,P_ORDER_DEUDATE,P_ORDER_SUMMONEY,P_ORDER_PROGRESS,EMP_CODE)
    VALUES(14,'2022/04/15','2022/04/15',100000000,'완료',201409034);
INSERT INTO TBL_P_ORDER(P_ORDER_CODE,P_ORDER_DATE,P_ORDER_DEUDATE,P_ORDER_SUMMONEY,P_ORDER_PROGRESS,EMP_CODE)
    VALUES(15,'2022/04/15','2022/04/15',55000000,'완료',201409034);
INSERT INTO TBL_P_ORDER(P_ORDER_CODE,P_ORDER_DATE,P_ORDER_DEUDATE,P_ORDER_SUMMONEY,P_ORDER_PROGRESS,EMP_CODE)
    VALUES(16,'2022/04/15','2022/04/15',60000000,'완료',201409034);
INSERT INTO TBL_P_ORDER(P_ORDER_CODE,P_ORDER_DATE,P_ORDER_DEUDATE,P_ORDER_SUMMONEY,P_ORDER_PROGRESS,EMP_CODE)
    VALUES(17,'2022/05/17','2022/05/17',62000000,'완료',201409034);
INSERT INTO TBL_P_ORDER(P_ORDER_CODE,P_ORDER_DATE,P_ORDER_DEUDATE,P_ORDER_SUMMONEY,P_ORDER_PROGRESS,EMP_CODE)
    VALUES(18,'2022/05/17','2022/05/17',40000000,'완료',201409034);
INSERT INTO TBL_P_ORDER(P_ORDER_CODE,P_ORDER_DATE,P_ORDER_DEUDATE,P_ORDER_SUMMONEY,P_ORDER_PROGRESS,EMP_CODE)
    VALUES(19,'2022/05/17','2022/05/17',75000000,'완료',201409034);
INSERT INTO TBL_P_ORDER(P_ORDER_CODE,P_ORDER_DATE,P_ORDER_DEUDATE,P_ORDER_SUMMONEY,P_ORDER_PROGRESS,EMP_CODE)
    VALUES(20,'2022/05/17','2022/05/17',43500000,'완료',201409034);
INSERT INTO TBL_P_ORDER(P_ORDER_CODE,P_ORDER_DATE,P_ORDER_DEUDATE,P_ORDER_SUMMONEY,P_ORDER_PROGRESS,EMP_CODE)
    VALUES(21,'2022/07/01','2022/07/01',38000000,'배송중',201409034);
INSERT INTO TBL_P_ORDER(P_ORDER_CODE,P_ORDER_DATE,P_ORDER_DEUDATE,P_ORDER_SUMMONEY,P_ORDER_PROGRESS,EMP_CODE)
    VALUES(22,'2022/07/01','2022/07/01',55000000,'배송중',201409034);
INSERT INTO TBL_P_ORDER(P_ORDER_CODE,P_ORDER_DATE,P_ORDER_DEUDATE,P_ORDER_SUMMONEY,P_ORDER_PROGRESS,EMP_CODE)
    VALUES(23,'2022/07/01','2022/07/01',40000000,'배송중',201409034);

-- 발주상품 샘플데이터
INSERT INTO TBL_ORDER_PRODUCT(PRODUCT_CODE,P_ORDER_CODE,PRODUCT_COUNT,PRODUCT_SUMPRICE)
    VALUES('ASAP1892318',1,15,45000000);
INSERT INTO TBL_ORDER_PRODUCT(PRODUCT_CODE,P_ORDER_CODE,PRODUCT_COUNT,PRODUCT_SUMPRICE)
    VALUES('ASAP1651594',1,15,45000000);
INSERT INTO TBL_ORDER_PRODUCT(PRODUCT_CODE,P_ORDER_CODE,PRODUCT_COUNT,PRODUCT_SUMPRICE)
    VALUES('ASAP1276407',2,10,30000000);
INSERT INTO TBL_ORDER_PRODUCT(PRODUCT_CODE,P_ORDER_CODE,PRODUCT_COUNT,PRODUCT_SUMPRICE)
    VALUES('ASAP1771618',2,23,23000000);
INSERT INTO TBL_ORDER_PRODUCT(PRODUCT_CODE,P_ORDER_CODE,PRODUCT_COUNT,PRODUCT_SUMPRICE)
    VALUES('ASAP1258262',3,10,30000000);
INSERT INTO TBL_ORDER_PRODUCT(PRODUCT_CODE,P_ORDER_CODE,PRODUCT_COUNT,PRODUCT_SUMPRICE)
    VALUES('ASAP1497849',3,14,14000000);
INSERT INTO TBL_ORDER_PRODUCT(PRODUCT_CODE,P_ORDER_CODE,PRODUCT_COUNT,PRODUCT_SUMPRICE)
    VALUES('ASAP1892318',4,10,30000000);
INSERT INTO TBL_ORDER_PRODUCT(PRODUCT_CODE,P_ORDER_CODE,PRODUCT_COUNT,PRODUCT_SUMPRICE)
    VALUES('ASAP1338999',4,20,40000000);
INSERT INTO TBL_ORDER_PRODUCT(PRODUCT_CODE,P_ORDER_CODE,PRODUCT_COUNT,PRODUCT_SUMPRICE)
    VALUES('ASAP1838054',5,31,31000000);
INSERT INTO TBL_ORDER_PRODUCT(PRODUCT_CODE,P_ORDER_CODE,PRODUCT_COUNT,PRODUCT_SUMPRICE)
    VALUES('ASAP1734242',5,50,12500000);
INSERT INTO TBL_ORDER_PRODUCT(PRODUCT_CODE,P_ORDER_CODE,PRODUCT_COUNT,PRODUCT_SUMPRICE)
    VALUES('ASAP1356208',6,2,8000000);
INSERT INTO TBL_ORDER_PRODUCT(PRODUCT_CODE,P_ORDER_CODE,PRODUCT_COUNT,PRODUCT_SUMPRICE)
    VALUES('ASAP1651594',6,10,30000000);
INSERT INTO TBL_ORDER_PRODUCT(PRODUCT_CODE,P_ORDER_CODE,PRODUCT_COUNT,PRODUCT_SUMPRICE)
    VALUES('ASAP1634552',7,15,30000000);
INSERT INTO TBL_ORDER_PRODUCT(PRODUCT_CODE,P_ORDER_CODE,PRODUCT_COUNT,PRODUCT_SUMPRICE)
    VALUES('ASAP1178324',7,18,18000000);
INSERT INTO TBL_ORDER_PRODUCT(PRODUCT_CODE,P_ORDER_CODE,PRODUCT_COUNT,PRODUCT_SUMPRICE)
    VALUES('ASAP1869746',8,29,14500000);
INSERT INTO TBL_ORDER_PRODUCT(PRODUCT_CODE,P_ORDER_CODE,PRODUCT_COUNT,PRODUCT_SUMPRICE)
    VALUES('ASAP1356208',8,2,8000000);
INSERT INTO TBL_ORDER_PRODUCT(PRODUCT_CODE,P_ORDER_CODE,PRODUCT_COUNT,PRODUCT_SUMPRICE)
    VALUES('ASAP1276407',9,10,30000000);
INSERT INTO TBL_ORDER_PRODUCT(PRODUCT_CODE,P_ORDER_CODE,PRODUCT_COUNT,PRODUCT_SUMPRICE)
    VALUES('ASAP1338999',9,20,40000000);
INSERT INTO TBL_ORDER_PRODUCT(PRODUCT_CODE,P_ORDER_CODE,PRODUCT_COUNT,PRODUCT_SUMPRICE)
    VALUES('ASAP1771618',10,23,23000000);
INSERT INTO TBL_ORDER_PRODUCT(PRODUCT_CODE,P_ORDER_CODE,PRODUCT_COUNT,PRODUCT_SUMPRICE)
    VALUES('ASAP1258262',10,10,30000000);
INSERT INTO TBL_ORDER_PRODUCT(PRODUCT_CODE,P_ORDER_CODE,PRODUCT_COUNT,PRODUCT_SUMPRICE)
    VALUES('ASAP1497849',11,14,14000000);
INSERT INTO TBL_ORDER_PRODUCT(PRODUCT_CODE,P_ORDER_CODE,PRODUCT_COUNT,PRODUCT_SUMPRICE)
    VALUES('ASAP1892318',11,15,45000000);
INSERT INTO TBL_ORDER_PRODUCT(PRODUCT_CODE,P_ORDER_CODE,PRODUCT_COUNT,PRODUCT_SUMPRICE)
    VALUES('ASAP1651594',12,15,45000000);
INSERT INTO TBL_ORDER_PRODUCT(PRODUCT_CODE,P_ORDER_CODE,PRODUCT_COUNT,PRODUCT_SUMPRICE)
    VALUES('ASAP1276407',12,10,30000000);
INSERT INTO TBL_ORDER_PRODUCT(PRODUCT_CODE,P_ORDER_CODE,PRODUCT_COUNT,PRODUCT_SUMPRICE)
    VALUES('ASAP1771618',13,23,23000000);
INSERT INTO TBL_ORDER_PRODUCT(PRODUCT_CODE,P_ORDER_CODE,PRODUCT_COUNT,PRODUCT_SUMPRICE)
    VALUES('ASAP1276407',13,10,30000000);
INSERT INTO TBL_ORDER_PRODUCT(PRODUCT_CODE,P_ORDER_CODE,PRODUCT_COUNT,PRODUCT_SUMPRICE)
    VALUES('ASAP1258262',14,20,60000000);
INSERT INTO TBL_ORDER_PRODUCT(PRODUCT_CODE,P_ORDER_CODE,PRODUCT_COUNT,PRODUCT_SUMPRICE)
    VALUES('ASAP1338999',14,20,40000000);
INSERT INTO TBL_ORDER_PRODUCT(PRODUCT_CODE,P_ORDER_CODE,PRODUCT_COUNT,PRODUCT_SUMPRICE)
    VALUES('ASAP1892318',15,5,15000000);
INSERT INTO TBL_ORDER_PRODUCT(PRODUCT_CODE,P_ORDER_CODE,PRODUCT_COUNT,PRODUCT_SUMPRICE)
    VALUES('ASAP1338999',15,70,40000000);
INSERT INTO TBL_ORDER_PRODUCT(PRODUCT_CODE,P_ORDER_CODE,PRODUCT_COUNT,PRODUCT_SUMPRICE)
    VALUES('ASAP1838054',16,30,30000000);
INSERT INTO TBL_ORDER_PRODUCT(PRODUCT_CODE,P_ORDER_CODE,PRODUCT_COUNT,PRODUCT_SUMPRICE)
    VALUES('ASAP1734242',16,60,30000000);
INSERT INTO TBL_ORDER_PRODUCT(PRODUCT_CODE,P_ORDER_CODE,PRODUCT_COUNT,PRODUCT_SUMPRICE)
    VALUES('ASAP1356208',17,5,32000000);
INSERT INTO TBL_ORDER_PRODUCT(PRODUCT_CODE,P_ORDER_CODE,PRODUCT_COUNT,PRODUCT_SUMPRICE)
    VALUES('ASAP1651594',17,10,30000000);
INSERT INTO TBL_ORDER_PRODUCT(PRODUCT_CODE,P_ORDER_CODE,PRODUCT_COUNT,PRODUCT_SUMPRICE)
    VALUES('ASAP1634552',18,10,20000000);
INSERT INTO TBL_ORDER_PRODUCT(PRODUCT_CODE,P_ORDER_CODE,PRODUCT_COUNT,PRODUCT_SUMPRICE)
    VALUES('ASAP1178324',18,20,20000000);
INSERT INTO TBL_ORDER_PRODUCT(PRODUCT_CODE,P_ORDER_CODE,PRODUCT_COUNT,PRODUCT_SUMPRICE)
    VALUES('ASAP1869746',19,70,35000000);
INSERT INTO TBL_ORDER_PRODUCT(PRODUCT_CODE,P_ORDER_CODE,PRODUCT_COUNT,PRODUCT_SUMPRICE)
    VALUES('ASAP1338999',19,20,40000000);
INSERT INTO TBL_ORDER_PRODUCT(PRODUCT_CODE,P_ORDER_CODE,PRODUCT_COUNT,PRODUCT_SUMPRICE)
    VALUES('ASAP1838054',20,31,31000000);
INSERT INTO TBL_ORDER_PRODUCT(PRODUCT_CODE,P_ORDER_CODE,PRODUCT_COUNT,PRODUCT_SUMPRICE)
    VALUES('ASAP1734242',20,50,12500000);
INSERT INTO TBL_ORDER_PRODUCT(PRODUCT_CODE,P_ORDER_CODE,PRODUCT_COUNT,PRODUCT_SUMPRICE)
    VALUES('ASAP1356208',21,2,8000000);
INSERT INTO TBL_ORDER_PRODUCT(PRODUCT_CODE,P_ORDER_CODE,PRODUCT_COUNT,PRODUCT_SUMPRICE)
    VALUES('ASAP1651594',21,10,30000000);
INSERT INTO TBL_ORDER_PRODUCT(PRODUCT_CODE,P_ORDER_CODE,PRODUCT_COUNT,PRODUCT_SUMPRICE)
    VALUES('ASAP1338999',22,20,40000000);
INSERT INTO TBL_ORDER_PRODUCT(PRODUCT_CODE,P_ORDER_CODE,PRODUCT_COUNT,PRODUCT_SUMPRICE)
    VALUES('ASAP1892318',22,5,15000000);
INSERT INTO TBL_ORDER_PRODUCT(PRODUCT_CODE,P_ORDER_CODE,PRODUCT_COUNT,PRODUCT_SUMPRICE)
    VALUES('ASAP1634552',23,10,20000000);
INSERT INTO TBL_ORDER_PRODUCT(PRODUCT_CODE,P_ORDER_CODE,PRODUCT_COUNT,PRODUCT_SUMPRICE)
    VALUES('ASAP1771618',23,20,20000000);
    
-- 회사정보 샘플데이터
INSERT INTO TBL_COMPANY_INFO(COMPANY_NAME,CEO_NAME,COMPANY_PHONE,COMPANY_ADDRESS)
    VALUES('ASAP','나대표','15771577','서울 종로구 인사동길 12 대일빌딩 7층, 15층');
    
-- 견적서 상품 샘플데이터
INSERT INTO TBL_QUOTATION_PRODUCT(ESTIMATE_CODE,PRODUCT_CODE,ESTI_DISCOUNT,ESTI_PRODUCT_COUNT,ESTI_PRODUCT_SUMPRICE)
    VALUES(1,'ASAP1892318',2,30,117600000);
INSERT INTO TBL_QUOTATION_PRODUCT(ESTIMATE_CODE,PRODUCT_CODE,ESTI_DISCOUNT,ESTI_PRODUCT_COUNT,ESTI_PRODUCT_SUMPRICE)
    VALUES(1,'ASAP1838054',2,30,58800000);
INSERT INTO TBL_QUOTATION_PRODUCT(ESTIMATE_CODE,PRODUCT_CODE,ESTI_DISCOUNT,ESTI_PRODUCT_COUNT,ESTI_PRODUCT_SUMPRICE)
    VALUES(2,'ASAP1356208',3,10,48500000);
INSERT INTO TBL_QUOTATION_PRODUCT(ESTIMATE_CODE,PRODUCT_CODE,ESTI_DISCOUNT,ESTI_PRODUCT_COUNT,ESTI_PRODUCT_SUMPRICE)
    VALUES(2,'ASAP1634552',1,5,14250000);
INSERT INTO TBL_QUOTATION_PRODUCT(ESTIMATE_CODE,PRODUCT_CODE,ESTI_DISCOUNT,ESTI_PRODUCT_COUNT,ESTI_PRODUCT_SUMPRICE)
    VALUES(3,'ASAP1869746',2,15,12750000);
INSERT INTO TBL_QUOTATION_PRODUCT(ESTIMATE_CODE,PRODUCT_CODE,ESTI_DISCOUNT,ESTI_PRODUCT_COUNT,ESTI_PRODUCT_SUMPRICE)
    VALUES(3,'ASAP1276407',4,10,38400000);
INSERT INTO TBL_QUOTATION_PRODUCT(ESTIMATE_CODE,PRODUCT_CODE,ESTI_DISCOUNT,ESTI_PRODUCT_COUNT,ESTI_PRODUCT_SUMPRICE)
    VALUES(4,'ASAP1733514',5,10,19000000);
INSERT INTO TBL_QUOTATION_PRODUCT(ESTIMATE_CODE,PRODUCT_CODE,ESTI_DISCOUNT,ESTI_PRODUCT_COUNT,ESTI_PRODUCT_SUMPRICE)
    VALUES(4,'ASAP1395443',2,40,196000000);
INSERT INTO TBL_QUOTATION_PRODUCT(ESTIMATE_CODE,PRODUCT_CODE,ESTI_DISCOUNT,ESTI_PRODUCT_COUNT,ESTI_PRODUCT_SUMPRICE)
    VALUES(5,'ASAP1166363',3,20,58200000);
INSERT INTO TBL_QUOTATION_PRODUCT(ESTIMATE_CODE,PRODUCT_CODE,ESTI_DISCOUNT,ESTI_PRODUCT_COUNT,ESTI_PRODUCT_SUMPRICE)
    VALUES(5,'ASAP1833644',1,10,9900000);
INSERT INTO TBL_QUOTATION_PRODUCT(ESTIMATE_CODE,PRODUCT_CODE,ESTI_DISCOUNT,ESTI_PRODUCT_COUNT,ESTI_PRODUCT_SUMPRICE)
    VALUES(6,'ASAP1751951',3,40,116400000);
INSERT INTO TBL_QUOTATION_PRODUCT(ESTIMATE_CODE,PRODUCT_CODE,ESTI_DISCOUNT,ESTI_PRODUCT_COUNT,ESTI_PRODUCT_SUMPRICE)
    VALUES(6,'ASAP1733514',2,30,58800000);
INSERT INTO TBL_QUOTATION_PRODUCT(ESTIMATE_CODE,PRODUCT_CODE,ESTI_DISCOUNT,ESTI_PRODUCT_COUNT,ESTI_PRODUCT_SUMPRICE)
    VALUES(7,'ASAP1395443',3,10,48500000);
INSERT INTO TBL_QUOTATION_PRODUCT(ESTIMATE_CODE,PRODUCT_CODE,ESTI_DISCOUNT,ESTI_PRODUCT_COUNT,ESTI_PRODUCT_SUMPRICE)
    VALUES(7,'ASAP1166363',2,10,29400000);
INSERT INTO TBL_QUOTATION_PRODUCT(ESTIMATE_CODE,PRODUCT_CODE,ESTI_DISCOUNT,ESTI_PRODUCT_COUNT,ESTI_PRODUCT_SUMPRICE)
    VALUES(8,'ASAP1833644',2,20,19600000);
INSERT INTO TBL_QUOTATION_PRODUCT(ESTIMATE_CODE,PRODUCT_CODE,ESTI_DISCOUNT,ESTI_PRODUCT_COUNT,ESTI_PRODUCT_SUMPRICE)
    VALUES(8,'ASAP1258262',3,30,116400000);
INSERT INTO TBL_QUOTATION_PRODUCT(ESTIMATE_CODE,PRODUCT_CODE,ESTI_DISCOUNT,ESTI_PRODUCT_COUNT,ESTI_PRODUCT_SUMPRICE)
    VALUES(9,'ASAP1535877',2,20,39200000);
INSERT INTO TBL_QUOTATION_PRODUCT(ESTIMATE_CODE,PRODUCT_CODE,ESTI_DISCOUNT,ESTI_PRODUCT_COUNT,ESTI_PRODUCT_SUMPRICE)
    VALUES(9,'ASAP1757478',2,20,98000000);
INSERT INTO TBL_QUOTATION_PRODUCT(ESTIMATE_CODE,PRODUCT_CODE,ESTI_DISCOUNT,ESTI_PRODUCT_COUNT,ESTI_PRODUCT_SUMPRICE)
    VALUES(10,'ASAP1527536',1,20,59400000);
INSERT INTO TBL_QUOTATION_PRODUCT(ESTIMATE_CODE,PRODUCT_CODE,ESTI_DISCOUNT,ESTI_PRODUCT_COUNT,ESTI_PRODUCT_SUMPRICE)
    VALUES(10,'ASAP1955526',4,30,144000000);
    

-- 견적서 샘플데이터
INSERT INTO TBL_ESTIMATE(ESTIMATE_CODE,ESTIMATE_DATE,ESTIMATE_CLIENT,ESTI_EXPIRY_DATE,ESTI_SUM,ESTI_PROGRESS,EMP_CODE,SEND_STATUS)
    VALUES(1,'2022/06/22','신진물산','2022/06/29',176400000,'완료',201409034,'Y');
INSERT INTO TBL_ESTIMATE(ESTIMATE_CODE,ESTIMATE_DATE,ESTIMATE_CLIENT,ESTI_EXPIRY_DATE,ESTI_SUM,ESTI_PROGRESS,EMP_CODE,SEND_STATUS)
    VALUES(2,'2022/06/22','덕소흥신소','2022/06/29',62750000,'완료',201409034,'Y');
INSERT INTO TBL_ESTIMATE(ESTIMATE_CODE,ESTIMATE_DATE,ESTIMATE_CLIENT,ESTI_EXPIRY_DATE,ESTI_SUM,ESTI_PROGRESS,EMP_CODE,SEND_STATUS)
    VALUES(3,'2022/06/22','은정전자','2022/06/29',51150000,'완료',201409034,'Y');
INSERT INTO TBL_ESTIMATE(ESTIMATE_CODE,ESTIMATE_DATE,ESTIMATE_CLIENT,ESTI_EXPIRY_DATE,ESTI_SUM,ESTI_PROGRESS,EMP_CODE,SEND_STATUS)
    VALUES(4,'2022/06/22','무한상사','2022/06/29',215000000,'완료',201409034,'Y');
INSERT INTO TBL_ESTIMATE(ESTIMATE_CODE,ESTIMATE_DATE,ESTIMATE_CLIENT,ESTI_EXPIRY_DATE,ESTI_SUM,ESTI_PROGRESS,EMP_CODE,SEND_STATUS)
    VALUES(5,'2022/06/30','거제음향','2022/07/07',68100000,'처리중',201409034,'N');
INSERT INTO TBL_ESTIMATE(ESTIMATE_CODE,ESTIMATE_DATE,ESTIMATE_CLIENT,ESTI_EXPIRY_DATE,ESTI_SUM,ESTI_PROGRESS,EMP_CODE,SEND_STATUS)
    VALUES(6,'2022/06/30','성준재단','2022/07/07',175200000,'처리중',201409034,'N');
INSERT INTO TBL_ESTIMATE(ESTIMATE_CODE,ESTIMATE_DATE,ESTIMATE_CLIENT,ESTI_EXPIRY_DATE,ESTI_SUM,ESTI_PROGRESS,EMP_CODE,SEND_STATUS)
    VALUES(7,'2022/06/30','골드문','2022/07/07',77900000,'처리중',201409034,'N');
INSERT INTO TBL_ESTIMATE(ESTIMATE_CODE,ESTIMATE_DATE,ESTIMATE_CLIENT,ESTI_EXPIRY_DATE,ESTI_SUM,ESTI_PROGRESS,EMP_CODE,SEND_STATUS)
    VALUES(8,'2022/06/30','상현물산','2022/07/07',136000000,'처리중',201409034,'N');
INSERT INTO TBL_ESTIMATE(ESTIMATE_CODE,ESTIMATE_DATE,ESTIMATE_CLIENT,ESTI_EXPIRY_DATE,ESTI_SUM,ESTI_PROGRESS,EMP_CODE,SEND_STATUS)
    VALUES(9,'2022/07/01','혜영산업','2022/07/08',137200000,'처리중',201409034,'N');
INSERT INTO TBL_ESTIMATE(ESTIMATE_CODE,ESTIMATE_DATE,ESTIMATE_CLIENT,ESTI_EXPIRY_DATE,ESTI_SUM,ESTI_PROGRESS,EMP_CODE,SEND_STATUS)
    VALUES(10,'2022/07/01','석호건설','2022/07/08',203400000,'처리중',201409034,'N');
    
-----------------------------------------------------------------
/*상현*/
INSERT INTO TBL_NOTICE(NOTICE_TITLE,NOTICE_DATE,NOTICE_NO,EMP_CODE,NOTICE_CONTENT,DELETE_STATUS)
    VALUES('부서이동 발령 공지','2022/06/27',1,2008022227,'<p>임시</p>', 'N');
INSERT INTO TBL_NOTICE(NOTICE_TITLE,NOTICE_DATE,NOTICE_NO,EMP_CODE,NOTICE_CONTENT,DELETE_STATUS)
    VALUES('발주 기한 안내','2022/06/17',2,2022010128,'<p>임시</p>', 'N');
INSERT INTO TBL_NOTICE(NOTICE_TITLE,NOTICE_DATE,NOTICE_NO,EMP_CODE,NOTICE_CONTENT,DELETE_STATUS)
    VALUES('구내식당 업체 변경안내','2022/06/05',3,2002011829,'<p>임시</p>', 'N');
INSERT INTO TBL_NOTICE(NOTICE_TITLE,NOTICE_DATE,NOTICE_NO,EMP_CODE,NOTICE_CONTENT,DELETE_STATUS)
    VALUES('비용 청구 안내','2022/05/20',4,2021062730,'<p>임시</p>', 'N');
INSERT INTO TBL_NOTICE(NOTICE_TITLE,NOTICE_DATE,NOTICE_NO,EMP_CODE,NOTICE_CONTENT,DELETE_STATUS)
    VALUES('코로나 19 관련 대응안내','2020/01/20',5,2000030331,'<p>임시</p>', 'N');

INSERT INTO C##ASAP.TBL_DRAFT_FORM (DRAFT_FORM_NO, DRAFT_FORM_TITLE, DRAFT_FORM_CONTENT, DRAFT_FORM_DIVISION) VALUES (1, '기본 휴가신청서 양식', TO_CLOB('<h1 style="text-align: center;">휴가신청서</h1>
<table style="border-collapse: collapse; width: 100%; height: 163.734px;" border="1"><colgroup><col style="width: 25.2747%;"><col style="width: 74.7253%;"></colgroup>
<tbody>
<tr style="height: 22.3906px;">
<td style="height: 22.3906px; text-align: center; border-color: rgb(0, 0, 0); border-style: solid;">소속부서</td>
<td style="height: 22.3906px; border-color: rgb(0, 0, 0); border-style: solid;">&nbsp;</td>
</tr>
<tr style="height: 22.3906px;">
<td style="height: 22.3906px; text-align: center; border-color: rgb(0, 0, 0); border-style: solid;">성&nbsp; &nbsp; &nbsp; &nbsp;명</td>
<td style="height: 22.3906px; border-color: rgb(0, 0, 0); border-style: solid;">&nbsp;</td>
</tr>
<tr style="height: 22.3906px;">
<td style="height: 22.3906px; text-align: center; border-color: rgb(0, 0, 0); border-style: solid;">직&nbsp; &nbsp; &nbsp; &nbsp;급</td>
<td style="height: 22.3906px; border-color: rgb(0, 0, 0); border-style: solid;">&nbsp;</td>
</tr>
<tr style="height: 22.3906px;">
<td style="height: 22.3906px; text-align: center; border-color: rgb(0, 0, 0); border-style: solid;">휴 가 명</td>
<td style="height: 22.3906px; border-color: rgb(0, 0, 0); border-style: solid;">&nbsp;</td>
</tr>') || TO_CLOB('
<tr style="height: 22.3906px;">
<td style="height: 22.3906px; text-align: center; border-color: rgb(0, 0, 0); border-style: solid;">사&nbsp; &nbsp; &nbsp; &nbsp;유</td>
<td style="height: 22.3906px; border-color: rgb(0, 0, 0); border-style: solid;">&nbsp;</td>
</tr>
<tr style="height: 22.3906px;">
<td style="height: 22.3906px; text-align: center; border-color: rgb(0, 0, 0); border-style: solid;">기&nbsp; &nbsp; &nbsp; &nbsp;간</td>
<td style="height: 22.3906px; border-color: rgb(0, 0, 0); border-style: solid;">&nbsp;</td>
</tr>
<tr style="height: 29.3906px;">
<td style="height: 29.3906px; border-color: rgb(0, 0, 0); border-style: solid;" colspan="2">
<p>&nbsp;</p>
<p>&nbsp;</p>
<p style="text-align: center;">위와 같이 휴가를 신청 하오시 승인하여 주시기 바랍니다.</p>
<p style="text-align: center;">&nbsp;</p>
<p style="text-align: center;">2022년 07월 01일</p>
<h3 style="text-align: center;">ASAP</h3>
<p>&nbsp;</p>
<p>&nbsp;</p>
<p>&nbsp;</p>
<p>&nbsp;</p>
<p>&nbsp;</p>
</td>
</tr>
</tbody>
</table>'), '휴가신청서');
INSERT INTO C##ASAP.TBL_DRAFT_FORM (DRAFT_FORM_NO, DRAFT_FORM_TITLE, DRAFT_FORM_CONTENT, DRAFT_FORM_DIVISION) VALUES (2, '기본 발주계획서 양식', TO_CLOB('<h2 style="text-align: center;">발주서</h2>
<p style="text-align: right;">발주처:&nbsp; &nbsp; &nbsp; &nbsp; &nbsp;&nbsp;</p>
<p style="text-align: right;">담당자:&nbsp; &nbsp; &nbsp; &nbsp; &nbsp;&nbsp;</p>
<p style="text-align: right;">납기일:&nbsp; &nbsp; &nbsp; &nbsp; &nbsp;&nbsp;</p>
<p style="text-align: right;">&nbsp; &nbsp; &nbsp; &nbsp;&nbsp;</p>
<table style="border-collapse: collapse; width: 99.9391%; height: 286.656px;" border="1"><colgroup><col style="width: 6.64084%;"><col style="width: 41.3137%;"><col style="width: 15.1973%;"><col style="width: 16.8575%;"><col style="width: 19.9864%;"></colgroup>
<tbody>
<tr style="height: 40.3594px;">
<td style="height: 40.3594px; text-align: center; background-color: rgb(206, 212, 217); border-color: rgb(0, 0, 0);"><strong>No</strong></td>
<td style="height: 40.3594px; text-align: center; background-color: rgb(206, 212, 217); border-color: rgb(0, 0, 0);"><strong>품목명</strong></td>
<td style="height: 40.3594px; text-align: center; background-color: rgb(206, 212, 217); border-color: rgb(0, 0, 0);"><strong>수량</strong></td>
<td style="height: 40.3594px; text-align: center; background-color: rgb(206, 212, 217); border-color: rgb(0, 0, 0);"><strong>단가</strong></td>
<td style="height: 40.3594px; text-align: center; background-color: rgb(206, 212, 217); border-color: rgb(0, 0, 0);"><strong>금액</strong></td>
</tr>
<tr style="height: 22.3906px;">') || TO_CLOB('
<td style="height: 22.3906px; border-color: rgb(0, 0, 0); border-style: solid; border-width: 1px;">&nbsp;</td>
<td style="height: 22.3906px; border-color: rgb(0, 0, 0); border-style: solid; border-width: 1px;">&nbsp;</td>
<td style="height: 22.3906px; border-color: rgb(0, 0, 0); border-style: solid; border-width: 1px;">&nbsp;</td>
<td style="height: 22.3906px; border-color: rgb(0, 0, 0); border-style: solid; border-width: 1px;">&nbsp;</td>
<td style="height: 22.3906px; border-color: rgb(0, 0, 0); border-style: solid; border-width: 1px;">&nbsp;</td>
</tr>
<tr style="height: 22.3906px;">
<td style="height: 22.3906px; border-color: rgb(0, 0, 0); border-style: solid; border-width: 1px;">&nbsp;</td>
<td style="height: 22.3906px; border-color: rgb(0, 0, 0); border-style: solid; border-width: 1px;">&nbsp;</td>
<td style="height: 22.3906px; border-color: rgb(0, 0, 0); border-style: solid; border-width: 1px;">&nbsp;</td>
<td style="height: 22.3906px; border-color: rgb(0, 0, 0); border-style: solid; border-width: 1px;">&nbsp;</td>
<td style="height: 22.3906px; border-color: rgb(0, 0, 0); border-style: solid; border-width: 1px;">&nbsp;</td>
</tr>
<tr style="height: 22.3906px;">
<td style="height: 22.3906px; border-color: rgb(0, 0, 0); border-style: solid; border-width: 1px;">&nbsp;</td>
<td style="height: 22.3906px; border-color: rgb(0, 0, 0); border-style: solid; border-width: 1px;">&nbsp;</td>
<td style="height: 22.3906px; border-color: rgb(0, 0, 0); border-style: solid; border-width: 1px;">&nbsp;</td>
<td style="height: 22.3906px; border-color: rgb(0, 0, 0); border-style: solid; border-width: 1px;">&nbsp;</td>
<td style="height: 22.3906px; border-color: rgb(0, 0, 0); border-style: solid; border-width: 1px;">&nbsp;</td>
</tr>
<tr style="height: 22.3906px;">
<td style="height: 22.3906px; border-color: rgb(0, 0, 0); border-style: solid; border-width: 1px;">&nbsp;</td>
<td style="height: 22.3906px; border-color: rgb(0, 0, 0); border-style: solid; border-width: 1px;">&nbsp;</td>
<td style="height: 22.3906px; border-color: rgb(0, 0, 0); border-style: solid; border-width: 1px;">&nbsp;</td>
<td style="height: 22.3906px; border-color: rgb(0, 0, 0); border-style: solid; border-width: 1px;">&nbsp;</td>
<td style="height: 22.3906px; border-color: rgb(0, 0, 0); border-style: solid; border-width: 1px;">&nbsp;</td>
</tr>
<tr style="height: 22.3906px;">') || TO_CLOB('
<td style="height: 22.3906px; border-color: rgb(0, 0, 0); border-style: solid; border-width: 1px;">&nbsp;</td>
<td style="height: 22.3906px; border-color: rgb(0, 0, 0); border-style: solid; border-width: 1px;">&nbsp;</td>
<td style="height: 22.3906px; border-color: rgb(0, 0, 0); border-style: solid; border-width: 1px;">&nbsp;</td>
<td style="height: 22.3906px; border-color: rgb(0, 0, 0); border-style: solid; border-width: 1px;">&nbsp;</td>
<td style="height: 22.3906px; border-color: rgb(0, 0, 0); border-style: solid; border-width: 1px;">&nbsp;</td>
</tr>
<tr style="height: 22.3906px;">
<td style="height: 22.3906px; border-color: rgb(0, 0, 0); border-style: solid; border-width: 1px;">&nbsp;</td>
<td style="height: 22.3906px; border-color: rgb(0, 0, 0); border-style: solid; border-width: 1px;">&nbsp;</td>
<td style="height: 22.3906px; border-color: rgb(0, 0, 0); border-style: solid; border-width: 1px;">&nbsp;</td>
<td style="height: 22.3906px; border-color: rgb(0, 0, 0); border-style: solid; border-width: 1px;">&nbsp;</td>
<td style="height: 22.3906px; border-color: rgb(0, 0, 0); border-style: solid; border-width: 1px;">&nbsp;</td>
</tr>
<tr style="height: 22.3906px;">
<td style="height: 22.3906px; border-color: rgb(0, 0, 0); border-style: solid; border-width: 1px;">&nbsp;</td>
<td style="height: 22.3906px; border-color: rgb(0, 0, 0); border-style: solid; border-width: 1px;">&nbsp;</td>
<td style="height: 22.3906px; border-color: rgb(0, 0, 0); border-style: solid; border-width: 1px;">&nbsp;</td>
<td style="height: 22.3906px; border-color: rgb(0, 0, 0); border-style: solid; border-width: 1px;">&nbsp;</td>
<td style="height: 22.3906px; border-color: rgb(0, 0, 0); border-style: solid; border-width: 1px;">&nbsp;</td>
</tr>
<tr style="height: 22.3906px;">
<td style="height: 22.3906px; border-color: rgb(0, 0, 0); border-style: solid; border-width: 1px;">&nbsp;</td>
<td style="height: 22.3906px; border-color: rgb(0, 0, 0); border-style: solid; border-width: 1px;">&nbsp;</td>
<td style="height: 22.3906px; border-color: rgb(0, 0, 0); border-style: solid; border-width: 1px;">&nbsp;</td>
<td style="height: 22.3906px; border-color: rgb(0, 0, 0); border-style: solid; border-width: 1px;">&nbsp;</td>
<td style="height: 22.3906px; border-color: rgb(0, 0, 0); border-style: solid; border-width: 1px;">&nbsp;</td>
</tr>
<tr style="height: 22.3906px;">
<td style="height: 22.3906px; border-color: rgb(0, 0, 0); border-style: solid; border-width: 1px;">&nbsp;</td>
<td style="height: 22.3906px; border-color: rgb(0, 0, 0); border-style: solid; border-width: 1px;">&nbsp;</td>
<td style="height: 22.3906px; border-color: rgb(0, 0, 0); border-style: solid; border-width: 1px;">&nbsp;</td>
<td style="height: 22.3906px; border-color: rgb(0, 0, 0); border-style: solid; border-width: 1px;">&nbsp;</td>
<td style="height: 22.3906px; border-color: rgb(0, 0, 0); border-style: solid; border-width: 1px;">&nbsp;</td>
</tr>
<tr style="height: 22.3906px;">') || TO_CLOB('
<td style="height: 22.3906px; border-color: rgb(0, 0, 0); border-style: solid; border-width: 1px;">&nbsp;</td>
<td style="height: 22.3906px; border-color: rgb(0, 0, 0); border-style: solid; border-width: 1px;">&nbsp;</td>
<td style="height: 22.3906px; border-color: rgb(0, 0, 0); border-style: solid; border-width: 1px;">&nbsp;</td>
<td style="height: 22.3906px; border-color: rgb(0, 0, 0); border-style: solid; border-width: 1px;">&nbsp;</td>
<td style="height: 22.3906px; border-color: rgb(0, 0, 0); border-style: solid; border-width: 1px;">&nbsp;</td>
</tr>
<tr style="height: 22.3906px;">
<td style="height: 22.3906px; text-align: center; background-color: rgb(206, 212, 217); border-color: rgb(0, 0, 0);" colspan="5"><strong>합계 :&nbsp;</strong></td>
</tr>
</tbody>
</table>'), '발주계획서');
INSERT INTO C##ASAP.TBL_DRAFT_FORM (DRAFT_FORM_NO, DRAFT_FORM_TITLE, DRAFT_FORM_CONTENT, DRAFT_FORM_DIVISION) VALUES (3, '기본 시말서 양식', TO_CLOB('<h1 style="text-align: center;">시 말 서&nbsp;</h1>
<p>&nbsp;</p>
<p>아래와 같은 사유로 시말서를 제출합니다.</p>
<table style="border-collapse: collapse; width: 100%;" border="1"><colgroup><col style="width: 21.7949%;"><col style="width: 78.2051%;"></colgroup>
<tbody>
<tr>
<td style="text-align: center; border-color: rgb(0, 0, 0); border-style: solid;">소&nbsp; 속</td>
<td style="border-color: rgb(0, 0, 0); border-style: solid;">&nbsp;</td>
</tr>
<tr>
<td style="text-align: center; border-color: rgb(0, 0, 0); border-style: solid;">직&nbsp; 위</td>
<td style="border-color: rgb(0, 0, 0); border-style: solid;">&nbsp;</td>
</tr>
<tr>
<td style="text-align: center; border-color: rgb(0, 0, 0); border-style: solid;">성&nbsp; 명</td>
<td style="border-color: rgb(0, 0, 0); border-style: solid;">&nbsp;</td>
</tr>
<tr>
<td style="border-color: rgb(0, 0, 0); border-style: solid;" colspan="2" rowspan="7">') || TO_CLOB('
<p>&nbsp;</p>
<p>&nbsp;</p>
<p>&nbsp;</p>
<p>&nbsp;</p>
<p>&nbsp;</p>
<p>&nbsp;</p>
<p>&nbsp;</p>
<p>&nbsp;</p>
<p>&nbsp;</p>
<p>&nbsp;</p>
<p style="text-align: center;">20&nbsp; &nbsp; &nbsp;년&nbsp; &nbsp; &nbsp; 월&nbsp; &nbsp; &nbsp; 일</p>
<p style="text-align: center;">작성자 :&nbsp; &nbsp; &nbsp; &nbsp; &nbsp; &nbsp; &nbsp; &nbsp;(인)</p>
<p>&nbsp;</p>
</td>
</tr>
<tr></tr>
<tr></tr>
<tr></tr>
<tr></tr>
<tr></tr>
<tr></tr>
</tbody>
</table>'), '시말서');

INSERT INTO C##ASAP.TBL_DRAFT (DRAFT_NO, DRAFT_DATE, DRAFT_TITLE, DRAFT_TYPE, DRAFT_CONTENTS, DRAFT_STATUS, APPROVAL_STATUS, DELETE_STATUS, EMP_CODE) VALUES (1, TO_DATE('2022-07-26 23:11:24', 'YYYY-MM-DD HH24:MI:SS'), '교통사고로 인한 무단결근에 관한 건', '시말서', '<h1 style="text-align: center;">시 말 서&nbsp;</h1>
<p>&nbsp;</p>
<p>아래와 같은 사유로 시말서를 제출합니다.</p>
<table style="border-collapse: collapse; width: 100%;" border="1"><colgroup><col style="width: 21.7949%;"><col style="width: 78.2051%;"></colgroup>
<tbody>
<tr>
<td style="text-align: center; border-color: rgb(0, 0, 0); border-style: solid;">소&nbsp; 속</td>
<td style="border-color: rgb(0, 0, 0); border-style: solid;">ASAP</td>
</tr>
<tr>
<td style="text-align: center; border-color: rgb(0, 0, 0); border-style: solid;">직&nbsp; 위</td>
<td style="border-color: rgb(0, 0, 0); border-style: solid;">차장</td>
</tr>
<tr>
<td style="text-align: center; border-color: rgb(0, 0, 0); border-style: solid;">성&nbsp; 명</td>
<td style="border-color: rgb(0, 0, 0); border-style: solid;">안상수</td>
</tr>
<tr>
<td style="border-color: rgb(0, 0, 0); border-style: solid;" colspan="2" rowspan="7">
<p>저는 2022년 5월 12일에 무단으로 결근하여 회사 업무상 많은 지장을 초래하게 했음을 길이 반성하여 사과드립니다.</p>
<p>제가 결근한 이유는 당일 출근길에 교통사고를 일으켜, 피해자를 병원으로 이송하고 경찰의 조사를 받았기 때문입니다. 비록 긴급하고 부득이한 상황이었다 하더라도 회사에 대한 연락을 소홀히 한 것은 저의 잘못입니다.</p>
<p>앞으로는 두 번 다시 그러한 일이 없도록 유의하여 한층 더 업무에 충실할 것을 서약합니다.</p>
<p>&nbsp;</p>
<p>&nbsp;</p>
<p>&nbsp;</p>
<p>&nbsp;</p>
<p>&nbsp;</p>
<p>&nbsp;</p>
<p>&nbsp;</p>
<p style="text-align: center;">2022 년 5월 14 일</p>
<p style="text-align: center;">작성자 :&nbsp; &nbsp;안상수&nbsp; (인)</p>
<p>&nbsp;</p>
</td>
</tr>
<tr></tr>
<tr></tr>
<tr></tr>
<tr></tr>
<tr></tr>
<tr></tr>
</tbody>
</table>', '진행중', 'N', 'N', 2021062020);

INSERT INTO C##ASAP.TBL_APPROVAL_LINE (EMP_CODE, DRAFT_NO, APPROVAL_ORDER, APPROVAL_STATUS, APPROVAL_DATE, APPROVAL_REASON) VALUES (2021062020, 1, 1, 'Y', TO_DATE('2022-07-27', 'YYYY-MM-DD HH24:MI:SS'), null);
INSERT INTO C##ASAP.TBL_APPROVAL_LINE (EMP_CODE, DRAFT_NO, APPROVAL_ORDER, APPROVAL_STATUS, APPROVAL_DATE, APPROVAL_REASON) VALUES (2000030332, 1, 2, 'N', null, null);

INSERT INTO TBL_COMPANY_DATE(DATE_NO,DATE_TITLE,DATE_LOCATION,DATE_START,DATE_END,DATE_CONTENT,DELETE_STATUS,EMP_CODE)
    VALUES(1,'주간 회의','회의실',TO_DATE('2022/06/13 10:00', 'YYYY/MM/DD HH24:MI'),TO_DATE('2022/06/13 11:00', 'YYYY/MM/DD HH24:MI'),'<p>임시</p>','N',2000030331);
INSERT INTO TBL_COMPANY_DATE(DATE_NO,DATE_TITLE,DATE_LOCATION,DATE_START,DATE_END,DATE_CONTENT,DELETE_STATUS,EMP_CODE)
    VALUES(2,'워크샵','OO 펜션',TO_DATE('2022/06/16 09:00', 'YYYY/MM/DD HH24:MI'),TO_DATE('2022/06/17 15:00', 'YYYY/MM/DD HH24:MI'),'<p>임시</p>','N',2021062730);
INSERT INTO TBL_COMPANY_DATE(DATE_NO,DATE_TITLE,DATE_LOCATION,DATE_START,DATE_END,DATE_CONTENT,DELETE_STATUS,EMP_CODE)
    VALUES(3,'주간 회의','회의실',TO_DATE('2022/06/20 10:00', 'YYYY/MM/DD HH24:MI'),TO_DATE('2022/06/20 11:00', 'YYYY/MM/DD HH24:MI'),'<p>임시</p>','N',2002011829);
INSERT INTO TBL_COMPANY_DATE(DATE_NO,DATE_TITLE,DATE_LOCATION,DATE_START,DATE_END,DATE_CONTENT,DELETE_STATUS,EMP_CODE)
    VALUES(4,'발주 마감','',TO_DATE('2022/06/24 17:00', 'YYYY/MM/DD HH24:MI'),TO_DATE('2022/06/24 17:00', 'YYYY/MM/DD HH24:MI'),'<p>임시</p>','N',2022010128);
INSERT INTO TBL_COMPANY_DATE(DATE_NO,DATE_TITLE,DATE_LOCATION,DATE_START,DATE_END,DATE_CONTENT,DELETE_STATUS,EMP_CODE)
    VALUES(5,'주간 회의','회의실',TO_DATE('2022/06/27 10:00', 'YYYY/MM/DD HH24:MI'),TO_DATE('2022/06/27 11:00', 'YYYY/MM/DD HH24:MI'),'<p>임시</p>','N',2008022227);

INSERT INTO TBL_COMPANY_DATE_ATTEND (EMP_CODE, DATE_NO) VALUES (2000030332, 1);
INSERT INTO TBL_COMPANY_DATE_ATTEND (EMP_CODE, DATE_NO) VALUES (2000030332, 3);
INSERT INTO TBL_COMPANY_DATE_ATTEND (EMP_CODE, DATE_NO) VALUES (2000030332, 5);

-- 사원코드 관련 트리거 추가
CREATE OR REPLACE TRIGGER TRG_CREATE_EMPLOYEE_CODE BEFORE
INSERT ON TBL_EMPLOYEE
FOR EACH ROW
BEGIN
    :NEW.EMP_CODE := TO_CHAR(:NEW.EMP_JOINDATE, 'YYYYMMDD') || :NEW.EMP_CODE;
END;
/

-- 부서코드 관련 트리거 추가
CREATE OR REPLACE TRIGGER TRG_CREATE_DEPT_CODE BEFORE
INSERT ON TBL_DEPT
FOR EACH ROW
BEGIN
    :NEW.DEPT_CODE := 'D' || :NEW.DEPT_CODE;
END;
/

-- 입고내역 등록시 재고수불부, 재고현황 INSERT 트리거
DROP TRIGGER TRG_INSERT_INVENTORY;

CREATE OR REPLACE TRIGGER TRG_INSERT_INVENTORY AFTER
    INSERT ON TBL_RECEIVING_HISTORY
    FOR EACH ROW
DECLARE

    snumber NUMBER;
    bAmount NUMBER;
    sumount NUMBER;

BEGIN

    INSERT
    INTO TBL_STOCK_HISTORY
    (STOCK_NO, PRODUCT_CODE, STORAGE_NO)
    SELECT
        SEQ_STOCK_NO.NEXTVAL, :NEW.PRODUCT_CODE, :NEW.STORAGE_NO
    FROM DUAL
    WHERE NOT EXISTS (SELECT STOCK_NO FROM TBL_STOCK_HISTORY WHERE PRODUCT_CODE = :NEW.PRODUCT_CODE AND STORAGE_NO = :NEW.STORAGE_NO);

    SELECT
        STOCK_NO
    INTO snumber
    FROM TBL_STOCK_HISTORY
    WHERE PRODUCT_CODE = :NEW.PRODUCT_CODE
      AND STORAGE_NO = :NEW.STORAGE_NO;

    INSERT
    INTO TBL_INVENTORY
    (INVENTORY_NO, STOCK_NO, PRODUCT_CODE, STORAGE_NO, CLIENT_NO, RECEIVING_HISTORY_NO, SELL_NO)
    VALUES
        (SEQ_INVENTORY_NO.NEXTVAL, snumber, :NEW.PRODUCT_CODE, :NEW.STORAGE_NO, :NEW.CLIENT_NO, :NEW.RECEIVING_HISTORY_NO, '');

    SELECT
        NVL(STOCK_QUANTITY,0)
    INTO bAmount
    FROM TBL_STOCK_HISTORY
    WHERE PRODUCT_CODE = :NEW.PRODUCT_CODE
      AND STORAGE_NO = :NEW.STORAGE_NO;

    UPDATE TBL_STOCK_HISTORY
    SET
        STOCK_QUANTITY = bAmount + :NEW.RECEIVING_AMOUNT
    WHERE PRODUCT_CODE = :NEW.PRODUCT_CODE
      AND STORAGE_NO = :NEW.STORAGE_NO;
END;
/

-- 입고내역 수정시 재고현황 UPDATE 트리거
DROP TRIGGER TRG_UPDATE_RECEIVING_HISTORY;

CREATE OR REPLACE TRIGGER TRG_UPDATE_RECEIVING_HISTORY BEFORE
    UPDATE ON TBL_RECEIVING_HISTORY
    FOR EACH ROW

DECLARE
    stockAmoumt NUMBER;

BEGIN

    SELECT
        STOCK_QUANTITY
    INTO stockAmoumt
    FROM TBL_STOCK_HISTORY
    WHERE PRODUCT_CODE = :NEW.PRODUCT_CODE
      AND STORAGE_NO = :NEW.STORAGE_NO;

    UPDATE TBL_STOCK_HISTORY
    SET
        STOCK_QUANTITY = (stockAmoumt-:OLD.RECEIVING_AMOUNT) + :NEW.RECEIVING_AMOUNT
    WHERE PRODUCT_CODE = :NEW.PRODUCT_CODE
      AND STORAGE_NO = :NEW.STORAGE_NO;
END;
/

-- 판매내역 등록시 재고수불부, 재고현황 INSERT 트리거
DROP TRIGGER TRG_INSERT_SELL_INVENTORY;

CREATE OR REPLACE TRIGGER TRG_INSERT_SELL_INVENTORY AFTER
  INSERT ON TBL_SELL_LIST
  FOR EACH ROW
DECLARE

snumber NUMBER;
lnumber NUMBER;

bAmount NUMBER;
lAmount NUMBER;

BEGIN

  INSERT
    INTO TBL_STOCK_HISTORY
    (STOCK_NO, PRODUCT_CODE, STORAGE_NO)
    SELECT
           SEQ_STOCK_NO.NEXTVAL, :NEW.PRODUCT_CODE, :NEW.STORAGE_NO
      FROM DUAL
     WHERE NOT EXISTS (SELECT STOCK_NO FROM TBL_STOCK_HISTORY WHERE PRODUCT_CODE = :NEW.PRODUCT_CODE AND STORAGE_NO = :NEW.STORAGE_NO);
  
    SELECT 
           STOCK_NO
      INTO lnumber
      FROM TBL_STOCK_HISTORY
     WHERE PRODUCT_CODE = :NEW.PRODUCT_CODE
       AND STORAGE_NO = :NEW.STORAGE_NO;

  INSERT
    INTO TBL_INVENTORY
    (INVENTORY_NO, STOCK_NO, PRODUCT_CODE, STORAGE_NO, CLIENT_NO, RECEIVING_HISTORY_NO, SELL_NO)
    VALUES
    (SEQ_INVENTORY_NO.NEXTVAL, lnumber, :NEW.PRODUCT_CODE, :NEW.STORAGE_NO, :NEW.CLIENT_NO,'', :NEW.SELL_NO);

    SELECT 
           NVL(STOCK_QUANTITY,0)
      INTO lAmount
      FROM TBL_STOCK_HISTORY
     WHERE PRODUCT_CODE = :NEW.PRODUCT_CODE
       AND STORAGE_NO = :NEW.STORAGE_NO;
    
    UPDATE TBL_STOCK_HISTORY
       SET
           STOCK_QUANTITY = lAmount - :NEW.SELL_AMOUNT
     WHERE PRODUCT_CODE = :NEW.PRODUCT_CODE
       AND STORAGE_NO = :NEW.STORAGE_NO; 
END;
/

-- 판매내역 수정시 재고수불부, 재고현황 UPDATE 트리거
DROP TRIGGER TRG_UPDATE_SELL_LIST;

CREATE OR REPLACE TRIGGER TRG_UPDATE_SELL_LIST BEFORE
  UPDATE ON TBL_SELL_LIST
  FOR EACH ROW

DECLARE
stockAmoumt NUMBER;
  
BEGIN
  
  SELECT
         STOCK_QUANTITY
    INTO stockAmoumt  
    FROM TBL_STOCK_HISTORY
   WHERE PRODUCT_CODE = :NEW.PRODUCT_CODE
     AND STORAGE_NO = :NEW.STORAGE_NO;
     
  UPDATE TBL_STOCK_HISTORY
     SET 
         STOCK_QUANTITY = (stockAmoumt-:OLD.SELL_AMOUNT) + :NEW.SELL_AMOUNT
   WHERE PRODUCT_CODE = :NEW.PRODUCT_CODE
     AND STORAGE_NO = :NEW.STORAGE_NO;
END;
/
-- 입고내역 뷰
CREATE OR REPLACE FORCE EDITIONABLE VIEW "C##ASAP"."RECEIVING_HISTORY_LIST" ("RECEIVING_HISTORY_NO", "RECEIVING_COMENT", "INVENTORY_DATE", "RECEIVING_AMOUNT", "PRODUCT_NAME", "STORAGE_NAME", "CLIENT_NAME", "RECEIVING_STATUS") AS
SELECT
    A.RECEIVING_HISTORY_NO,
    A.RECEIVING_COMENT,
    A.INVENTORY_DATE,
    A.RECEIVING_AMOUNT,
    B.PRODUCT_NAME,
    C.STORAGE_NAME,
    D.CLIENT_NAME,
    A.RECEIVING_STATUS
FROM TBL_RECEIVING_HISTORY A
         JOIN TBL_PRODUCT B ON A.PRODUCT_CODE = B.PRODUCT_CODE
         JOIN TBL_STORAGE C ON A.STORAGE_NO = C.STORAGE_NO
         JOIN TBL_CLIENT D ON A.CLIENT_NO = D.CLIENT_NO;

COMMIT;